time,gas
2018-02-23 16:00:00,8.392
2018-02-23 17:00:00,4.59
2018-02-23 18:00:00,4.136
2018-02-23 19:00:00,3.018
2018-02-23 20:00:00,6.594
2018-02-23 21:00:00,0.112
2018-02-23 22:00:00,6.143
2018-02-23 23:00:00,0.0
2018-02-24 00:00:00,0.0
2018-02-24 01:00:00,0.0
2018-02-24 02:00:00,0.0
2018-02-24 03:00:00,0.0
2018-02-24 04:00:00,0.0
2018-02-24 05:00:00,0.0
2018-02-24 06:00:00,0.0
2018-02-24 07:00:00,5.034
2018-02-24 08:00:00,13.878
2018-02-24 09:00:00,0.672
2018-02-24 10:00:00,1.455
2018-02-24 11:00:00,0.0
2018-02-24 12:00:00,0.0
2018-02-24 13:00:00,9.627
2018-02-24 14:00:00,3.583
2018-02-24 15:00:00,6.606
2018-02-24 16:00:00,4.477
2018-02-24 17:00:00,0.224
2018-02-24 18:00:00,0.0
2018-02-24 19:00:00,6.82
2018-02-24 20:00:00,4.583
2018-02-24 21:00:00,0.0
2018-02-24 22:00:00,2.683
2018-02-24 23:00:00,4.585
2018-02-25 00:00:00,0.0
2018-02-25 01:00:00,0.0
2018-02-25 02:00:00,0.0
2018-02-25 03:00:00,0.0
2018-02-25 04:00:00,0.0
2018-02-25 05:00:00,0.0
2018-02-25 06:00:00,0.0
2018-02-25 07:00:00,0.0
2018-02-25 08:00:00,0.0
2018-02-25 09:00:00,0.0
2018-02-25 10:00:00,0.0
2018-02-25 11:00:00,0.893
2018-02-25 12:00:00,0.0
2018-02-25 13:00:00,0.0
2018-02-25 14:00:00,0.0
2018-02-25 15:00:00,7.949
2018-02-25 16:00:00,7.833
2018-02-25 17:00:00,1.903
2018-02-25 18:00:00,0.336
2018-02-25 19:00:00,6.046
2018-02-25 20:00:00,0.112
2018-02-25 21:00:00,0.0
2018-02-25 22:00:00,0.0
2018-02-25 23:00:00,0.0
2018-02-26 00:00:00,0.0
2018-02-26 01:00:00,0.0
2018-02-26 02:00:00,0.0
2018-02-26 03:00:00,0.0
2018-02-26 04:00:00,8.173
2018-02-26 05:00:00,0.0
2018-02-26 06:00:00,10.3
2018-02-26 07:00:00,6.83
2018-02-26 08:00:00,2.798
2018-02-26 09:00:00,6.377
2018-02-26 10:00:00,0.224
2018-02-26 11:00:00,2.127
2018-02-26 12:00:00,10.076
2018-02-26 13:00:00,1.904
2018-02-26 14:00:00,0.0
2018-02-26 15:00:00,0.0
2018-02-26 16:00:00,0.0
2018-02-26 17:00:00,0.784
2018-02-26 18:00:00,0.0
2018-02-26 19:00:00,1.344
2018-02-26 20:00:00,6.718
2018-02-26 21:00:00,0.0
2018-02-26 22:00:00,0.0
2018-02-26 23:00:00,0.0
2018-02-27 00:00:00,0.0
2018-02-27 01:00:00,0.0
2018-02-27 02:00:00,0.0
2018-02-27 03:00:00,0.0
2018-02-27 04:00:00,0.0
2018-02-27 05:00:00,0.0
2018-02-27 06:00:00,16.119
2018-02-27 07:00:00,4.815
2018-02-27 08:00:00,0.336
2018-02-27 09:00:00,0.0
2018-02-27 10:00:00,0.0
2018-02-27 11:00:00,0.0
2018-02-27 12:00:00,0.0
2018-02-27 13:00:00,0.0
2018-02-27 14:00:00,0.0
2018-02-27 15:00:00,0.0
2018-02-27 16:00:00,4.703
2018-02-27 17:00:00,8.731
2018-02-27 18:00:00,11.637
2018-02-27 19:00:00,1.008
2018-02-27 20:00:00,0.0
2018-02-27 21:00:00,0.448
2018-02-27 22:00:00,0.0
2018-02-27 23:00:00,0.0
2018-02-28 00:00:00,0.0
2018-02-28 01:00:00,5.591
2018-02-28 02:00:00,0.0
2018-02-28 03:00:00,0.0
2018-02-28 04:00:00,7.267
2018-02-28 05:00:00,0.0
2018-02-28 06:00:00,13.189
2018-02-28 07:00:00,10.059
2018-02-28 08:00:00,10.62
2018-02-28 09:00:00,0.0
2018-02-28 10:00:00,0.0
2018-02-28 11:00:00,0.0
2018-02-28 12:00:00,0.0
2018-02-28 13:00:00,0.223
2018-02-28 14:00:00,0.112
2018-02-28 15:00:00,0.112
2018-02-28 16:00:00,0.0
2018-02-28 17:00:00,3.807
2018-02-28 18:00:00,7.278
2018-02-28 19:00:00,7.048
2018-02-28 20:00:00,1.344
2018-02-28 21:00:00,0.224
2018-02-28 22:00:00,0.0
2018-02-28 23:00:00,0.0
2018-03-01 00:00:00,0.0
2018-03-01 01:00:00,0.0
2018-03-01 02:00:00,0.0
2018-03-01 03:00:00,0.0
2018-03-01 04:00:00,0.0
2018-03-01 05:00:00,0.0
2018-03-01 06:00:00,6.715
2018-03-01 07:00:00,0.0
2018-03-01 08:00:00,0.0
2018-03-01 09:00:00,0.0
2018-03-01 10:00:00,0.0
2018-03-01 11:00:00,0.0
2018-03-01 12:00:00,0.448
2018-03-01 13:00:00,8.386
2018-03-01 14:00:00,7.724
2018-03-01 15:00:00,0.0
2018-03-01 16:00:00,0.0
2018-03-01 17:00:00,0.0
2018-03-01 18:00:00,3.359
2018-03-01 19:00:00,13.2
2018-03-01 20:00:00,4.585
2018-03-01 21:00:00,0.0
2018-03-01 22:00:00,0.0
2018-03-01 23:00:00,0.0
2018-03-02 00:00:00,0.0
2018-03-02 01:00:00,0.0
2018-03-02 02:00:00,3.471
2018-03-02 03:00:00,3.022
2018-03-02 04:00:00,0.0
2018-03-02 05:00:00,7.164
2018-03-02 06:00:00,12.762
2018-03-02 07:00:00,6.825
2018-03-02 08:00:00,5.033
2018-03-02 09:00:00,1.678
2018-03-02 10:00:00,1.567
2018-03-02 11:00:00,0.224
2018-03-02 12:00:00,0.224
2018-03-02 13:00:00,0.0
2018-03-02 14:00:00,0.0
2018-03-02 15:00:00,0.0
2018-03-02 16:00:00,0.0
2018-03-02 17:00:00,0.0
2018-03-02 18:00:00,0.0
2018-03-02 19:00:00,15.316
2018-03-02 20:00:00,0.894
2018-03-02 21:00:00,1.674
2018-03-02 22:00:00,6.036
2018-03-02 23:00:00,0.0
2018-03-03 00:00:00,0.0
2018-03-03 01:00:00,0.0
2018-03-03 02:00:00,0.0
2018-03-03 03:00:00,0.0
2018-03-03 04:00:00,0.0
2018-03-03 05:00:00,0.0
2018-03-03 06:00:00,0.0
2018-03-03 07:00:00,0.0
2018-03-03 08:00:00,8.058
2018-03-03 09:00:00,10.742
2018-03-03 10:00:00,8.95
2018-03-03 11:00:00,9.734
2018-03-03 12:00:00,5.819
2018-03-03 13:00:00,0.0
2018-03-03 14:00:00,0.0
2018-03-03 15:00:00,0.0
2018-03-03 16:00:00,8.282
2018-03-03 17:00:00,7.829
2018-03-03 18:00:00,7.497
2018-03-03 19:00:00,2.012
2018-03-03 20:00:00,0.0
2018-03-03 21:00:00,7.606
2018-03-03 22:00:00,0.672
2018-03-03 23:00:00,0.0
2018-03-04 00:00:00,0.0
2018-03-04 01:00:00,0.0
2018-03-04 02:00:00,5.483
2018-03-04 03:00:00,0.0
2018-03-04 04:00:00,0.0
2018-03-04 05:00:00,5.93
2018-03-04 06:00:00,0.0
2018-03-04 07:00:00,0.0
2018-03-04 08:00:00,5.821
2018-03-04 09:00:00,0.0
2018-03-04 10:00:00,5.703
2018-03-04 11:00:00,7.819
2018-03-04 12:00:00,0.0
2018-03-04 13:00:00,0.0
2018-03-04 14:00:00,8.389
2018-03-04 15:00:00,9.402
2018-03-04 16:00:00,8.168
2018-03-04 17:00:00,5.372
2018-03-04 18:00:00,4.366
2018-03-04 19:00:00,4.028
2018-03-04 20:00:00,2.127
2018-03-04 21:00:00,0.0
2018-03-04 22:00:00,0.0
2018-03-04 23:00:00,0.0
2018-03-05 00:00:00,0.0
2018-03-05 01:00:00,0.0
2018-03-05 02:00:00,0.0
2018-03-05 03:00:00,0.0
2018-03-05 04:00:00,0.0
2018-03-05 05:00:00,0.0
2018-03-05 06:00:00,15.217
2018-03-05 07:00:00,0.0
2018-03-05 08:00:00,5.927
2018-03-05 09:00:00,0.0
2018-03-05 10:00:00,0.0
2018-03-05 11:00:00,0.0
2018-03-05 12:00:00,3.692
2018-03-05 13:00:00,10.402
2018-03-05 14:00:00,6.929
2018-03-05 15:00:00,0.0
2018-03-05 16:00:00,0.0
2018-03-05 17:00:00,14.1
2018-03-05 18:00:00,1.79
2018-03-05 19:00:00,9.396
2018-03-05 20:00:00,3.021
2018-03-05 21:00:00,0.223
2018-03-05 22:00:00,0.0
2018-03-05 23:00:00,0.0
2018-03-06 00:00:00,0.0
2018-03-06 01:00:00,0.0
2018-03-06 02:00:00,0.0
2018-03-06 03:00:00,0.0
2018-03-06 04:00:00,0.0
2018-03-06 05:00:00,0.0
2018-03-06 06:00:00,15.001
2018-03-06 07:00:00,1.792
2018-03-06 08:00:00,0.0
2018-03-06 09:00:00,0.0
2018-03-06 10:00:00,0.0
2018-03-06 11:00:00,0.0
2018-03-06 12:00:00,0.0
2018-03-06 13:00:00,0.0
2018-03-06 14:00:00,0.0
2018-03-06 15:00:00,0.0
2018-03-06 16:00:00,0.0
2018-03-06 17:00:00,0.0
2018-03-06 18:00:00,14.766
2018-03-06 19:00:00,6.598
2018-03-06 20:00:00,0.0
2018-03-06 21:00:00,0.112
2018-03-06 22:00:00,0.112
2018-03-06 23:00:00,0.0
2018-03-07 00:00:00,0.0
2018-03-07 01:00:00,0.0
2018-03-07 02:00:00,0.0
2018-03-07 03:00:00,0.0
2018-03-07 04:00:00,5.821
2018-03-07 05:00:00,1.568
2018-03-07 06:00:00,14.444
2018-03-07 07:00:00,1.566
2018-03-07 08:00:00,0.0
2018-03-07 09:00:00,0.0
2018-03-07 10:00:00,0.0
2018-03-07 11:00:00,0.0
2018-03-07 12:00:00,0.0
2018-03-07 13:00:00,0.0
2018-03-07 14:00:00,0.0
2018-03-07 15:00:00,0.0
2018-03-07 16:00:00,0.0
2018-03-07 17:00:00,0.0
2018-03-07 18:00:00,12.174
2018-03-07 19:00:00,9.389
2018-03-07 20:00:00,0.0
2018-03-07 21:00:00,0.0
2018-03-07 22:00:00,0.112
2018-03-07 23:00:00,0.0
2018-03-08 00:00:00,0.0
2018-03-08 01:00:00,0.0
2018-03-08 02:00:00,0.0
2018-03-08 03:00:00,0.0
2018-03-08 04:00:00,0.0
2018-03-08 05:00:00,0.0
2018-03-08 06:00:00,15.869
2018-03-08 07:00:00,8.825
2018-03-08 08:00:00,8.943
2018-03-08 09:00:00,0.0
2018-03-08 10:00:00,0.0
2018-03-08 11:00:00,0.0
2018-03-08 12:00:00,0.0
2018-03-08 13:00:00,0.0
2018-03-08 14:00:00,0.0
2018-03-08 15:00:00,0.0
2018-03-08 16:00:00,0.0
2018-03-08 17:00:00,0.0
2018-03-08 18:00:00,8.614
2018-03-08 19:00:00,5.147
2018-03-08 20:00:00,0.0
2018-03-08 21:00:00,0.112
2018-03-08 22:00:00,0.0
2018-03-08 23:00:00,0.0
2018-03-09 00:00:00,0.0
2018-03-09 01:00:00,0.0
2018-03-09 02:00:00,0.0
2018-03-09 03:00:00,0.0
2018-03-09 04:00:00,0.0
2018-03-09 05:00:00,0.0
2018-03-09 06:00:00,10.062
2018-03-09 07:00:00,0.0
2018-03-09 08:00:00,0.0
2018-03-09 09:00:00,0.0
2018-03-09 10:00:00,0.0
2018-03-09 11:00:00,0.0
2018-03-09 12:00:00,0.0
2018-03-09 13:00:00,0.0
2018-03-09 14:00:00,0.0
2018-03-09 15:00:00,0.0
2018-03-09 16:00:00,0.0
2018-03-09 17:00:00,0.0
2018-03-09 18:00:00,11.277
2018-03-09 19:00:00,0.0
2018-03-09 20:00:00,0.0
2018-03-09 21:00:00,0.0
2018-03-09 22:00:00,0.0
2018-03-09 23:00:00,0.0
2018-03-10 00:00:00,0.0
2018-03-10 01:00:00,0.0
2018-03-10 02:00:00,0.0
2018-03-10 03:00:00,0.0
2018-03-10 04:00:00,0.0
2018-03-10 05:00:00,0.0
2018-03-10 06:00:00,0.0
2018-03-10 07:00:00,0.0
2018-03-10 08:00:00,0.0
2018-03-10 09:00:00,14.178
2018-03-10 10:00:00,11.277
2018-03-10 11:00:00,5.582
2018-03-10 12:00:00,0.0
2018-03-10 13:00:00,0.0
2018-03-10 14:00:00,15.537
2018-03-10 15:00:00,4.806
2018-03-10 16:00:00,2.457
2018-03-10 17:00:00,0.0
2018-03-10 18:00:00,0.0
2018-03-10 19:00:00,0.0
2018-03-10 20:00:00,0.0
2018-03-10 21:00:00,0.0
2018-03-10 22:00:00,0.0
2018-03-10 23:00:00,0.0
2018-03-11 00:00:00,0.0
2018-03-11 01:00:00,0.0
2018-03-11 02:00:00,0.0
2018-03-11 03:00:00,0.0
2018-03-11 04:00:00,0.0
2018-03-11 05:00:00,0.0
2018-03-11 06:00:00,0.0
2018-03-11 07:00:00,0.0
2018-03-11 08:00:00,3.915
2018-03-11 09:00:00,3.356
2018-03-11 10:00:00,0.0
2018-03-11 11:00:00,1.902
2018-03-11 12:00:00,0.0
2018-03-11 13:00:00,0.0
2018-03-11 14:00:00,0.0
2018-03-11 15:00:00,0.0
2018-03-11 16:00:00,1.786
2018-03-11 17:00:00,3.573
2018-03-11 18:00:00,0.0
2018-03-11 19:00:00,2.459
2018-03-11 20:00:00,2.014
2018-03-11 21:00:00,4.249
2018-03-11 22:00:00,1.678
2018-03-11 23:00:00,0.0
2018-03-12 00:00:00,0.0
2018-03-12 01:00:00,0.0
2018-03-12 02:00:00,0.0
2018-03-12 03:00:00,0.0
2018-03-12 04:00:00,0.0
2018-03-12 05:00:00,0.0
2018-03-12 06:00:00,11.306
2018-03-12 07:00:00,4.922
2018-03-12 08:00:00,2.571
2018-03-12 09:00:00,5.697
2018-03-12 10:00:00,0.0
2018-03-12 11:00:00,0.0
2018-03-12 12:00:00,0.0
2018-03-12 13:00:00,11.285
2018-03-12 14:00:00,3.127
2018-03-12 15:00:00,0.0
2018-03-12 16:00:00,0.0
2018-03-12 17:00:00,9.499
2018-03-12 18:00:00,0.895
2018-03-12 19:00:00,0.0
2018-03-12 20:00:00,4.029
2018-03-12 21:00:00,0.0
2018-03-12 22:00:00,0.0
2018-03-12 23:00:00,0.0
2018-03-13 00:00:00,0.0
2018-03-13 01:00:00,0.0
2018-03-13 02:00:00,0.0
2018-03-13 03:00:00,0.0
2018-03-13 04:00:00,0.0
2018-03-13 05:00:00,0.0
2018-03-13 06:00:00,15.335
2018-03-13 07:00:00,0.559
2018-03-13 08:00:00,0.0
2018-03-13 09:00:00,0.0
2018-03-13 10:00:00,0.0
2018-03-13 11:00:00,0.0
2018-03-13 12:00:00,0.0
2018-03-13 13:00:00,0.0
2018-03-13 14:00:00,0.0
2018-03-13 15:00:00,6.14
2018-03-13 16:00:00,5.135
2018-03-13 17:00:00,1.341
2018-03-13 18:00:00,8.831
2018-03-13 19:00:00,0.0
2018-03-13 20:00:00,0.0
2018-03-13 21:00:00,0.112
2018-03-13 22:00:00,0.0
2018-03-13 23:00:00,0.0
2018-03-14 00:00:00,0.0
2018-03-14 01:00:00,0.0
2018-03-14 02:00:00,0.0
2018-03-14 03:00:00,0.0
2018-03-14 04:00:00,0.0
2018-03-14 05:00:00,0.0
2018-03-14 06:00:00,15.761
2018-03-14 07:00:00,0.893
2018-03-14 08:00:00,0.0
2018-03-14 09:00:00,0.0
2018-03-14 10:00:00,0.0
2018-03-14 11:00:00,0.0
2018-03-14 12:00:00,0.0
2018-03-14 13:00:00,0.0
2018-03-14 14:00:00,0.0
2018-03-14 15:00:00,0.0
2018-03-14 16:00:00,0.0
2018-03-14 17:00:00,2.458
2018-03-14 18:00:00,13.977
2018-03-14 19:00:00,3.468
2018-03-14 20:00:00,0.0
2018-03-14 21:00:00,4.475
2018-03-14 22:00:00,0.0
2018-03-14 23:00:00,0.0
2018-03-15 00:00:00,0.0
2018-03-15 01:00:00,0.0
2018-03-15 02:00:00,0.0
2018-03-15 03:00:00,0.0
2018-03-15 04:00:00,0.0
2018-03-15 05:00:00,0.0
2018-03-15 06:00:00,16.981
2018-03-15 07:00:00,2.345
2018-03-15 08:00:00,0.0
2018-03-15 09:00:00,0.0
2018-03-15 10:00:00,0.0
2018-03-15 11:00:00,0.0
2018-03-15 12:00:00,0.0
2018-03-15 13:00:00,0.0
2018-03-15 14:00:00,0.0
2018-03-15 15:00:00,0.0
2018-03-15 16:00:00,0.0
2018-03-15 17:00:00,5.032
2018-03-15 18:00:00,12.519
2018-03-15 19:00:00,5.25
2018-03-15 20:00:00,0.0
2018-03-15 21:00:00,0.0
2018-03-15 22:00:00,0.0
2018-03-15 23:00:00,0.0
2018-03-16 00:00:00,0.0
2018-03-16 01:00:00,0.0
2018-03-16 02:00:00,0.0
2018-03-16 03:00:00,0.0
2018-03-16 04:00:00,0.0
2018-03-16 05:00:00,7.155
2018-03-16 06:00:00,12.635
2018-03-16 07:00:00,1.453
2018-03-16 08:00:00,0.0
2018-03-16 09:00:00,0.0
2018-03-16 10:00:00,0.0
2018-03-16 11:00:00,0.0
2018-03-16 12:00:00,0.0
2018-03-16 13:00:00,0.0
2018-03-16 14:00:00,0.0
2018-03-16 15:00:00,2.125
2018-03-16 16:00:00,5.707
2018-03-16 17:00:00,2.232
2018-03-16 18:00:00,11.295
2018-03-16 19:00:00,6.707
2018-03-16 20:00:00,1.23
2018-03-16 21:00:00,0.0
2018-03-16 22:00:00,3.914
2018-03-16 23:00:00,3.467
2018-03-17 00:00:00,7.827
2018-03-17 01:00:00,0.0
2018-03-17 02:00:00,0.0
2018-03-17 03:00:00,0.0
2018-03-17 04:00:00,0.0
2018-03-17 05:00:00,0.783
2018-03-17 06:00:00,5.262
2018-03-17 07:00:00,0.0
2018-03-17 08:00:00,0.0
2018-03-17 09:00:00,11.973
2018-03-17 10:00:00,0.0
2018-03-17 11:00:00,2.462
2018-03-17 12:00:00,0.0
2018-03-17 13:00:00,4.81
2018-03-17 14:00:00,0.0
2018-03-17 15:00:00,0.0
2018-03-17 16:00:00,8.275
2018-03-17 17:00:00,7.713
2018-03-17 18:00:00,0.783
2018-03-17 19:00:00,0.0
2018-03-17 20:00:00,0.0
2018-03-17 21:00:00,0.0
2018-03-17 22:00:00,5.703
2018-03-17 23:00:00,6.263
2018-03-18 00:00:00,0.0
2018-03-18 01:00:00,0.0
2018-03-18 02:00:00,7.271
2018-03-18 03:00:00,0.0
2018-03-18 04:00:00,6.708
2018-03-18 05:00:00,0.0
2018-03-18 06:00:00,5.03
2018-03-18 07:00:00,1.342
2018-03-18 08:00:00,0.0
2018-03-18 09:00:00,5.36
2018-03-18 10:00:00,0.0
2018-03-18 11:00:00,9.052
2018-03-18 12:00:00,5.813
2018-03-18 13:00:00,11.399
2018-03-18 14:00:00,0.67
2018-03-18 15:00:00,0.0
2018-03-18 16:00:00,6.482
2018-03-18 17:00:00,7.607
2018-03-18 18:00:00,2.237
2018-03-18 19:00:00,0.0
2018-03-18 20:00:00,0.0
2018-03-18 21:00:00,0.0
2018-03-18 22:00:00,0.0
2018-03-18 23:00:00,0.0
2018-03-19 00:00:00,0.0
2018-03-19 01:00:00,0.0
2018-03-19 02:00:00,0.0
2018-03-19 03:00:00,0.0
2018-03-19 04:00:00,0.0
2018-03-19 05:00:00,4.024
2018-03-19 06:00:00,12.182
2018-03-19 07:00:00,2.461
2018-03-19 08:00:00,0.0
2018-03-19 09:00:00,0.0
2018-03-19 10:00:00,0.0
2018-03-19 11:00:00,0.0
2018-03-19 12:00:00,0.0
2018-03-19 13:00:00,0.0
2018-03-19 14:00:00,0.0
2018-03-19 15:00:00,0.0
2018-03-19 16:00:00,0.0
2018-03-19 17:00:00,0.0
2018-03-19 18:00:00,15.741
2018-03-19 19:00:00,0.0
2018-03-19 20:00:00,0.0
2018-03-19 21:00:00,0.0
2018-03-19 22:00:00,0.0
2018-03-19 23:00:00,0.0
2018-03-20 00:00:00,0.0
2018-03-20 01:00:00,0.0
2018-03-20 02:00:00,0.0
2018-03-20 03:00:00,0.0
2018-03-20 04:00:00,0.0
2018-03-20 05:00:00,0.0
2018-03-20 06:00:00,0.0
2018-03-20 07:00:00,0.0
2018-03-20 08:00:00,0.0
2018-03-20 09:00:00,0.0
2018-03-20 10:00:00,0.0
2018-03-20 11:00:00,0.0
2018-03-20 12:00:00,0.0
2018-03-20 13:00:00,0.0
2018-03-20 14:00:00,0.0
2018-03-20 15:00:00,0.0
2018-03-20 16:00:00,0.0
2018-03-20 17:00:00,0.0
2018-03-20 18:00:00,0.0
2018-03-20 19:00:00,0.0
2018-03-20 20:00:00,0.0
2018-03-20 21:00:00,0.0
2018-03-20 22:00:00,0.0
2018-03-20 23:00:00,0.0
2018-03-21 00:00:00,0.0
2018-03-21 01:00:00,0.0
2018-03-21 02:00:00,0.0
2018-03-21 03:00:00,0.0
2018-03-21 04:00:00,0.0
2018-03-21 05:00:00,0.0
2018-03-21 06:00:00,0.0
2018-03-21 07:00:00,0.0
2018-03-21 08:00:00,0.0
2018-03-21 09:00:00,0.0
2018-03-21 10:00:00,0.0
2018-03-21 11:00:00,0.0
2018-03-21 12:00:00,0.0
2018-03-21 13:00:00,0.0
2018-03-21 14:00:00,0.0
2018-03-21 15:00:00,0.0
2018-03-21 16:00:00,0.0
2018-03-21 17:00:00,0.0
2018-03-21 18:00:00,73.578
2018-03-21 19:00:00,3.462
2018-03-21 20:00:00,4.916
2018-03-21 21:00:00,0.0
2018-03-21 22:00:00,0.0
2018-03-21 23:00:00,0.0
2018-03-22 00:00:00,0.0
2018-03-22 01:00:00,0.0
2018-03-22 02:00:00,0.0
2018-03-22 03:00:00,0.0
2018-03-22 04:00:00,0.0
2018-03-22 05:00:00,4.247
2018-03-22 06:00:00,7.385
2018-03-22 07:00:00,0.0
2018-03-22 08:00:00,0.0
2018-03-22 09:00:00,0.0
2018-03-22 10:00:00,0.0
2018-03-22 11:00:00,0.0
2018-03-22 12:00:00,0.0
2018-03-22 13:00:00,0.0
2018-03-22 14:00:00,0.0
2018-03-22 15:00:00,0.0
2018-03-22 16:00:00,0.0
2018-03-22 17:00:00,0.0
2018-03-22 18:00:00,12.406
2018-03-22 19:00:00,2.46
2018-03-22 20:00:00,0.0
2018-03-22 21:00:00,1.117
2018-03-22 22:00:00,0.0
2018-03-22 23:00:00,0.0
2018-03-23 00:00:00,0.0
2018-03-23 01:00:00,0.0
2018-03-23 02:00:00,0.0
2018-03-23 03:00:00,0.0
2018-03-23 04:00:00,0.0
2018-03-23 05:00:00,0.0
2018-03-23 06:00:00,0.0
2018-03-23 07:00:00,0.0
2018-03-23 08:00:00,0.0
2018-03-23 09:00:00,0.0
2018-03-23 10:00:00,0.0
2018-03-23 11:00:00,0.0
2018-03-23 12:00:00,0.0
2018-03-23 13:00:00,0.0
2018-03-23 14:00:00,0.0
2018-03-23 15:00:00,0.0
2018-03-23 16:00:00,0.0
2018-03-23 17:00:00,0.0
2018-03-23 18:00:00,12.293
2018-03-23 19:00:00,0.0
2018-03-23 20:00:00,0.0
2018-03-23 21:00:00,0.0
2018-03-23 22:00:00,1.9
2018-03-23 23:00:00,0.0
2018-03-24 00:00:00,0.0
2018-03-24 01:00:00,0.0
2018-03-24 02:00:00,0.0
2018-03-24 03:00:00,0.0
2018-03-24 04:00:00,0.0
2018-03-24 05:00:00,0.0
2018-03-24 06:00:00,0.0
2018-03-24 07:00:00,0.0
2018-03-24 08:00:00,4.698
2018-03-24 09:00:00,1.677
2018-03-24 10:00:00,7.928
2018-03-24 11:00:00,0.0
2018-03-24 12:00:00,0.0
2018-03-24 13:00:00,0.0
2018-03-24 14:00:00,0.0
2018-03-24 15:00:00,0.0
2018-03-24 16:00:00,3.129
2018-03-24 17:00:00,11.29
2018-03-24 18:00:00,7.036
2018-03-24 19:00:00,0.223
2018-03-24 20:00:00,0.0
2018-03-24 21:00:00,0.0
2018-03-24 22:00:00,6.257
2018-03-24 23:00:00,5.706
2018-03-25 00:00:00,0.0
2018-03-25 01:00:00,0.0
2018-03-25 02:00:00,0.0
2018-03-25 03:00:00,0.0
2018-03-25 04:00:00,0.0
2018-03-25 05:00:00,0.0
2018-03-25 06:00:00,0.0
2018-03-25 07:00:00,0.0
2018-03-25 08:00:00,0.0
2018-03-25 09:00:00,0.0
2018-03-25 10:00:00,0.0
2018-03-25 11:00:00,0.335
2018-03-25 12:00:00,8.161
2018-03-25 13:00:00,1.339
2018-03-25 14:00:00,0.0
2018-03-25 15:00:00,0.0
2018-03-25 16:00:00,0.0
2018-03-25 17:00:00,0.0
2018-03-25 18:00:00,0.0
2018-03-25 19:00:00,11.164
2018-03-25 20:00:00,0.0
2018-03-25 21:00:00,0.112
2018-03-25 22:00:00,0.0
2018-03-25 23:00:00,0.0
2018-03-26 00:00:00,0.0
2018-03-26 01:00:00,0.0
2018-03-26 02:00:00,0.0
2018-03-26 03:00:00,0.0
2018-03-26 04:00:00,0.0
2018-03-26 05:00:00,15.519
2018-03-26 06:00:00,1.564
2018-03-26 07:00:00,0.0
2018-03-26 08:00:00,0.0
2018-03-26 09:00:00,0.0
2018-03-26 10:00:00,0.0
2018-03-26 11:00:00,0.0
2018-03-26 12:00:00,0.0
2018-03-26 13:00:00,0.0
2018-03-26 14:00:00,0.0
2018-03-26 15:00:00,0.0
2018-03-26 16:00:00,3.796
2018-03-26 17:00:00,11.617
2018-03-26 18:00:00,0.0
2018-03-26 19:00:00,0.0
2018-03-26 20:00:00,11.056
2018-03-26 21:00:00,0.447
2018-03-26 22:00:00,0.0
2018-03-26 23:00:00,0.0
2018-03-27 00:00:00,0.0
2018-03-27 01:00:00,0.0
2018-03-27 02:00:00,0.0
2018-03-27 03:00:00,0.0
2018-03-27 04:00:00,0.0
2018-03-27 05:00:00,12.953
2018-03-27 06:00:00,0.0
2018-03-27 07:00:00,0.0
2018-03-27 08:00:00,0.0
2018-03-27 09:00:00,0.0
2018-03-27 10:00:00,0.0
2018-03-27 11:00:00,0.0
2018-03-27 12:00:00,0.0
2018-03-27 13:00:00,0.0
2018-03-27 14:00:00,0.0
2018-03-27 15:00:00,0.0
2018-03-27 16:00:00,4.245
2018-03-27 17:00:00,15.763
2018-03-27 18:00:00,0.0
2018-03-27 19:00:00,0.0
2018-03-27 20:00:00,0.559
2018-03-27 21:00:00,0.0
2018-03-27 22:00:00,0.0
2018-03-27 23:00:00,0.0
2018-03-28 00:00:00,0.0
2018-03-28 01:00:00,0.0
2018-03-28 02:00:00,0.0
2018-03-28 03:00:00,0.0
2018-03-28 04:00:00,0.0
2018-03-28 05:00:00,14.531
2018-03-28 06:00:00,3.576
2018-03-28 07:00:00,10.725
2018-03-28 08:00:00,0.0
2018-03-28 09:00:00,4.701
2018-03-28 10:00:00,0.0
2018-03-28 11:00:00,3.136
2018-03-28 12:00:00,0.0
2018-03-28 13:00:00,7.161
2018-03-28 14:00:00,0.0
2018-03-28 15:00:00,0.0
2018-03-28 16:00:00,0.0
2018-03-28 17:00:00,7.497
2018-03-28 18:00:00,0.0
2018-03-28 19:00:00,0.0
2018-03-28 20:00:00,6.154
2018-03-28 21:00:00,0.0
2018-03-28 22:00:00,0.0
2018-03-28 23:00:00,0.0
2018-03-29 00:00:00,0.0
2018-03-29 01:00:00,0.0
2018-03-29 02:00:00,0.0
2018-03-29 03:00:00,0.0
2018-03-29 04:00:00,0.0
2018-03-29 05:00:00,15.221
2018-03-29 06:00:00,0.336
2018-03-29 07:00:00,0.0
2018-03-29 08:00:00,0.0
2018-03-29 09:00:00,0.0
2018-03-29 10:00:00,0.0
2018-03-29 11:00:00,0.0
2018-03-29 12:00:00,0.0
2018-03-29 13:00:00,0.0
2018-03-29 14:00:00,0.0
2018-03-29 15:00:00,0.0
2018-03-29 16:00:00,0.0
2018-03-29 17:00:00,0.0
2018-03-29 18:00:00,0.0
2018-03-29 19:00:00,0.0
2018-03-29 20:00:00,1.34
2018-03-29 21:00:00,0.0
2018-03-29 22:00:00,0.0
2018-03-29 23:00:00,0.0
2018-03-30 00:00:00,0.0
2018-03-30 01:00:00,0.0
2018-03-30 02:00:00,0.0
2018-03-30 03:00:00,0.0
2018-03-30 04:00:00,0.0
2018-03-30 05:00:00,14.626
2018-03-30 06:00:00,1.228
2018-03-30 07:00:00,0.0
2018-03-30 08:00:00,0.0
2018-03-30 09:00:00,0.0
2018-03-30 10:00:00,0.0
2018-03-30 11:00:00,0.0
2018-03-30 12:00:00,0.0
2018-03-30 13:00:00,0.0
2018-03-30 14:00:00,0.0
2018-03-30 15:00:00,0.0
2018-03-30 16:00:00,7.718
2018-03-30 17:00:00,11.282
2018-03-30 18:00:00,6.475
2018-03-30 19:00:00,0.335
2018-03-30 20:00:00,0.0
2018-03-30 21:00:00,0.0
2018-03-30 22:00:00,0.0
2018-03-30 23:00:00,0.0
2018-03-31 00:00:00,0.0
2018-03-31 01:00:00,0.0
2018-03-31 02:00:00,0.0
2018-03-31 03:00:00,0.0
2018-03-31 04:00:00,0.0
2018-03-31 05:00:00,0.0
2018-03-31 06:00:00,0.0
2018-03-31 07:00:00,0.0
2018-03-31 08:00:00,13.396
2018-03-31 09:00:00,0.0
2018-03-31 10:00:00,0.0
2018-03-31 11:00:00,0.0
2018-03-31 12:00:00,0.0
2018-03-31 13:00:00,0.0
2018-03-31 14:00:00,5.582
2018-03-31 15:00:00,0.0
2018-03-31 16:00:00,0.0
2018-03-31 17:00:00,16.19
2018-03-31 18:00:00,0.0
2018-03-31 19:00:00,0.0
2018-03-31 20:00:00,0.0
2018-03-31 21:00:00,0.0
2018-03-31 22:00:00,0.0
2018-03-31 23:00:00,0.0
2018-04-01 00:00:00,0.0
2018-04-01 01:00:00,0.0
2018-04-01 02:00:00,0.0
2018-04-01 03:00:00,0.0
2018-04-01 04:00:00,0.0
2018-04-01 05:00:00,0.0
2018-04-01 06:00:00,0.0
2018-04-01 07:00:00,14.96
2018-04-01 08:00:00,0.0
2018-04-01 09:00:00,0.0
2018-04-01 10:00:00,4.465
2018-04-01 11:00:00,0.0
2018-04-01 12:00:00,0.0
2018-04-01 13:00:00,0.0
2018-04-01 14:00:00,0.0
2018-04-01 15:00:00,10.723
2018-04-01 16:00:00,3.127
2018-04-01 17:00:00,0.0
2018-04-01 18:00:00,7.145
2018-04-01 19:00:00,0.0
2018-04-01 20:00:00,0.0
2018-04-01 21:00:00,0.0
2018-04-01 22:00:00,0.0
2018-04-01 23:00:00,0.0
2018-04-02 00:00:00,0.0
2018-04-02 01:00:00,0.0
2018-04-02 02:00:00,0.0
2018-04-02 03:00:00,0.0
2018-04-02 04:00:00,5.694
2018-04-02 05:00:00,6.81
2018-04-02 06:00:00,0.0
2018-04-02 07:00:00,0.0
2018-04-02 08:00:00,0.0
2018-04-02 09:00:00,0.0
2018-04-02 10:00:00,0.0
2018-04-02 11:00:00,0.0
2018-04-02 12:00:00,0.0
2018-04-02 13:00:00,0.0
2018-04-02 14:00:00,0.0
2018-04-02 15:00:00,0.0
2018-04-02 16:00:00,5.805
2018-04-02 17:00:00,0.0
2018-04-02 18:00:00,0.0
2018-04-02 19:00:00,0.0
2018-04-02 20:00:00,0.0
2018-04-02 21:00:00,0.0
2018-04-02 22:00:00,0.0
2018-04-02 23:00:00,0.0
2018-04-03 00:00:00,0.0
2018-04-03 01:00:00,0.0
2018-04-03 02:00:00,0.0
2018-04-03 03:00:00,0.0
2018-04-03 04:00:00,0.0
2018-04-03 05:00:00,0.0
2018-04-03 06:00:00,0.0
2018-04-03 07:00:00,54.935
2018-04-03 08:00:00,0.0
2018-04-03 09:00:00,0.0
2018-04-03 10:00:00,0.0
2018-04-03 11:00:00,0.0
2018-04-03 12:00:00,0.0
2018-04-03 13:00:00,0.0
2018-04-03 14:00:00,0.0
2018-04-03 15:00:00,0.0
2018-04-03 16:00:00,0.0
2018-04-03 17:00:00,0.0
2018-04-03 18:00:00,0.0
2018-04-03 19:00:00,0.0
2018-04-03 20:00:00,0.0
2018-04-03 21:00:00,0.0
2018-04-03 22:00:00,0.0
2018-04-03 23:00:00,0.0
2018-04-04 00:00:00,0.0
2018-04-04 01:00:00,0.0
2018-04-04 02:00:00,0.0
2018-04-04 03:00:00,0.0
2018-04-04 04:00:00,0.0
2018-04-04 05:00:00,0.0
2018-04-04 06:00:00,0.0
2018-04-04 07:00:00,0.0
2018-04-04 08:00:00,58.054
2018-04-04 09:00:00,4.693
2018-04-04 10:00:00,0.0
2018-04-04 11:00:00,6.815
2018-04-04 12:00:00,0.0
2018-04-04 13:00:00,1.116
2018-04-04 14:00:00,6.374
2018-04-04 15:00:00,0.0
2018-04-04 16:00:00,7.15
2018-04-04 17:00:00,2.01
2018-04-04 18:00:00,0.447
2018-04-04 19:00:00,0.0
2018-04-04 20:00:00,0.0
2018-04-04 21:00:00,0.0
2018-04-04 22:00:00,0.0
2018-04-04 23:00:00,0.0
2018-04-05 00:00:00,0.0
2018-04-05 01:00:00,0.0
2018-04-05 02:00:00,0.0
2018-04-05 03:00:00,6.594
2018-04-05 04:00:00,5.585
2018-04-05 05:00:00,10.164
2018-04-05 06:00:00,1.451
2018-04-05 07:00:00,0.0
2018-04-05 08:00:00,0.0
2018-04-05 09:00:00,0.0
2018-04-05 10:00:00,0.0
2018-04-05 11:00:00,0.0
2018-04-05 12:00:00,0.0
2018-04-05 13:00:00,0.0
2018-04-05 14:00:00,0.0
2018-04-05 15:00:00,0.0
2018-04-05 16:00:00,11.286
2018-04-05 17:00:00,4.357
2018-04-05 18:00:00,7.258
2018-04-05 19:00:00,0.0
2018-04-05 20:00:00,0.0
2018-04-05 21:00:00,0.0
2018-04-05 22:00:00,0.0
2018-04-05 23:00:00,0.0
2018-04-06 00:00:00,0.0
2018-04-06 01:00:00,0.0
2018-04-06 02:00:00,0.0
2018-04-06 03:00:00,0.0
2018-04-06 04:00:00,5.699
2018-04-06 05:00:00,10.164
2018-04-06 06:00:00,0.0
2018-04-06 07:00:00,5.928
2018-04-06 08:00:00,0.0
2018-04-06 09:00:00,0.0
2018-04-06 10:00:00,0.0
2018-04-06 11:00:00,0.0
2018-04-06 12:00:00,0.0
2018-04-06 13:00:00,0.0
2018-04-06 14:00:00,0.0
2018-04-06 15:00:00,3.135
2018-04-06 16:00:00,12.528
2018-04-06 17:00:00,0.335
2018-04-06 18:00:00,0.0
2018-04-06 19:00:00,0.0
2018-04-06 20:00:00,0.0
2018-04-06 21:00:00,0.0
2018-04-06 22:00:00,0.0
2018-04-06 23:00:00,0.0
2018-04-07 00:00:00,0.0
2018-04-07 01:00:00,0.0
2018-04-07 02:00:00,0.0
2018-04-07 03:00:00,0.0
2018-04-07 04:00:00,6.923
2018-04-07 05:00:00,0.0
2018-04-07 06:00:00,0.0
2018-04-07 07:00:00,0.0
2018-04-07 08:00:00,6.705
2018-04-07 09:00:00,0.0
2018-04-07 10:00:00,4.023
2018-04-07 11:00:00,0.0
2018-04-07 12:00:00,0.0
2018-04-07 13:00:00,0.0
2018-04-07 14:00:00,5.36
2018-04-07 15:00:00,5.358
2018-04-07 16:00:00,0.0
2018-04-07 17:00:00,0.0
2018-04-07 18:00:00,0.0
2018-04-07 19:00:00,0.0
2018-04-07 20:00:00,0.0
2018-04-07 21:00:00,0.0
2018-04-07 22:00:00,0.0
2018-04-07 23:00:00,0.0
2018-04-08 00:00:00,0.0
2018-04-08 01:00:00,0.0
2018-04-08 02:00:00,0.0
2018-04-08 03:00:00,0.0
2018-04-08 04:00:00,0.0
2018-04-08 05:00:00,0.0
2018-04-08 06:00:00,0.0
2018-04-08 07:00:00,0.0
2018-04-08 08:00:00,8.599
2018-04-08 09:00:00,2.125
2018-04-08 10:00:00,0.0
2018-04-08 11:00:00,0.0
2018-04-08 12:00:00,0.0
2018-04-08 13:00:00,0.0
2018-04-08 14:00:00,0.672
2018-04-08 15:00:00,0.0
2018-04-08 16:00:00,0.0
2018-04-08 17:00:00,0.0
2018-04-08 18:00:00,20.105
2018-04-08 19:00:00,1.902
2018-04-08 20:00:00,0.0
2018-04-08 21:00:00,4.355
2018-04-08 22:00:00,0.0
2018-04-08 23:00:00,0.0
2018-04-09 00:00:00,0.0
2018-04-09 01:00:00,0.0
2018-04-09 02:00:00,0.0
2018-04-09 03:00:00,0.0
2018-04-09 04:00:00,0.0
2018-04-09 05:00:00,0.0
2018-04-09 06:00:00,0.0
2018-04-09 07:00:00,0.0
2018-04-09 08:00:00,16.301
2018-04-09 09:00:00,2.68
2018-04-09 10:00:00,2.124
2018-04-09 11:00:00,0.0
2018-04-09 12:00:00,0.0
2018-04-09 13:00:00,0.0
2018-04-09 14:00:00,0.0
2018-04-09 15:00:00,0.0
2018-04-09 16:00:00,0.0
2018-04-09 17:00:00,0.0
2018-04-09 18:00:00,0.0
2018-04-09 19:00:00,0.0
2018-04-09 20:00:00,0.0
2018-04-09 21:00:00,0.0
2018-04-09 22:00:00,0.0
2018-04-09 23:00:00,0.0
2018-04-10 00:00:00,0.0
2018-04-10 01:00:00,0.0
2018-04-10 02:00:00,0.0
2018-04-10 03:00:00,0.0
2018-04-10 04:00:00,0.0
2018-04-10 05:00:00,9.936
2018-04-10 06:00:00,11.61
2018-04-10 07:00:00,5.471
2018-04-10 08:00:00,0.0
2018-04-10 09:00:00,0.0
2018-04-10 10:00:00,0.0
2018-04-10 11:00:00,0.0
2018-04-10 12:00:00,0.0
2018-04-10 13:00:00,0.0
2018-04-10 14:00:00,12.843
2018-04-10 15:00:00,0.0
2018-04-10 16:00:00,5.024
2018-04-10 17:00:00,0.0
2018-04-10 18:00:00,0.0
2018-04-10 19:00:00,0.0
2018-04-10 20:00:00,0.0
2018-04-10 21:00:00,0.0
2018-04-10 22:00:00,0.0
2018-04-10 23:00:00,0.0
2018-04-11 00:00:00,0.0
2018-04-11 01:00:00,0.0
2018-04-11 02:00:00,0.0
2018-04-11 03:00:00,0.0
2018-04-11 04:00:00,0.0
2018-04-11 05:00:00,0.0
2018-04-11 06:00:00,0.0
2018-04-11 07:00:00,0.0
2018-04-11 08:00:00,35.515
2018-04-11 09:00:00,4.696
2018-04-11 10:00:00,0.0
2018-04-11 11:00:00,0.336
2018-04-11 12:00:00,5.257
2018-04-11 13:00:00,4.583
2018-04-11 14:00:00,0.0
2018-04-11 15:00:00,8.049
2018-04-11 16:00:00,0.0
2018-04-11 17:00:00,0.0
2018-04-11 18:00:00,0.0
2018-04-11 19:00:00,2.346
2018-04-11 20:00:00,0.0
2018-04-11 21:00:00,0.447
2018-04-11 22:00:00,0.0
2018-04-11 23:00:00,0.0
2018-04-12 00:00:00,0.0
2018-04-12 01:00:00,0.0
2018-04-12 02:00:00,0.0
2018-04-12 03:00:00,0.0
2018-04-12 04:00:00,0.0
2018-04-12 05:00:00,11.627
2018-04-12 06:00:00,2.459
2018-04-12 07:00:00,0.56
2018-04-12 08:00:00,5.481
2018-04-12 09:00:00,1.566
2018-04-12 10:00:00,0.0
2018-04-12 11:00:00,0.447
2018-04-12 12:00:00,0.0
2018-04-12 13:00:00,0.0
2018-04-12 14:00:00,0.0
2018-04-12 15:00:00,0.0
2018-04-12 16:00:00,0.0
2018-04-12 17:00:00,0.781
2018-04-12 18:00:00,0.0
2018-04-12 19:00:00,0.0
2018-04-12 20:00:00,0.0
2018-04-12 21:00:00,9.721
2018-04-12 22:00:00,2.909
2018-04-12 23:00:00,0.0
2018-04-13 00:00:00,0.0
2018-04-13 01:00:00,0.0
2018-04-13 02:00:00,0.0
2018-04-13 03:00:00,0.0
2018-04-13 04:00:00,0.0
2018-04-13 05:00:00,0.0
2018-04-13 06:00:00,0.0
2018-04-13 07:00:00,0.0
2018-04-13 08:00:00,0.0
2018-04-13 09:00:00,0.0
2018-04-13 10:00:00,0.0
2018-04-13 11:00:00,0.0
2018-04-13 12:00:00,0.0
2018-04-13 13:00:00,0.0
2018-04-13 14:00:00,0.0
2018-04-13 15:00:00,0.0
2018-04-13 16:00:00,0.0
2018-04-13 17:00:00,0.0
2018-04-13 18:00:00,6.699
2018-04-13 19:00:00,0.0
2018-04-13 20:00:00,0.0
2018-04-13 21:00:00,0.0
2018-04-13 22:00:00,0.0
2018-04-13 23:00:00,0.0
2018-04-14 00:00:00,1.005
2018-04-14 01:00:00,0.0
2018-04-14 02:00:00,0.0
2018-04-14 03:00:00,0.0
2018-04-14 04:00:00,0.0
2018-04-14 05:00:00,0.0
2018-04-14 06:00:00,0.0
2018-04-14 07:00:00,0.0
2018-04-14 08:00:00,0.0
2018-04-14 09:00:00,1.23
2018-04-14 10:00:00,8.271
2018-04-14 11:00:00,0.0
2018-04-14 12:00:00,0.0
2018-04-14 13:00:00,0.0
2018-04-14 14:00:00,0.0
2018-04-14 15:00:00,0.0
2018-04-14 16:00:00,0.0
2018-04-14 17:00:00,0.0
2018-04-14 18:00:00,7.71
2018-04-14 19:00:00,0.0
2018-04-14 20:00:00,0.224
2018-04-14 21:00:00,0.0
2018-04-14 22:00:00,0.0
2018-04-14 23:00:00,0.223
2018-04-15 00:00:00,0.0
2018-04-15 01:00:00,0.0
2018-04-15 02:00:00,0.0
2018-04-15 03:00:00,0.0
2018-04-15 04:00:00,0.0
2018-04-15 05:00:00,0.0
2018-04-15 06:00:00,0.0
2018-04-15 07:00:00,0.0
2018-04-15 08:00:00,0.0
2018-04-15 09:00:00,0.0
2018-04-15 10:00:00,2.121
2018-04-15 11:00:00,3.237
2018-04-15 12:00:00,0.0
2018-04-15 13:00:00,0.0
2018-04-15 14:00:00,0.0
2018-04-15 15:00:00,0.0
2018-04-15 16:00:00,0.0
2018-04-15 17:00:00,9.155
2018-04-15 18:00:00,2.791
2018-04-15 19:00:00,0.0
2018-04-15 20:00:00,0.0
2018-04-15 21:00:00,0.0
2018-04-15 22:00:00,0.0
2018-04-15 23:00:00,0.0
2018-04-16 00:00:00,0.0
2018-04-16 01:00:00,0.0
2018-04-16 02:00:00,0.0
2018-04-16 03:00:00,0.0
2018-04-16 04:00:00,0.0
2018-04-16 05:00:00,0.0
2018-04-16 06:00:00,15.854
2018-04-16 07:00:00,2.233
2018-04-16 08:00:00,0.0
2018-04-16 09:00:00,0.0
2018-04-16 10:00:00,0.0
2018-04-16 11:00:00,0.0
2018-04-16 12:00:00,0.0
2018-04-16 13:00:00,0.0
2018-04-16 14:00:00,0.0
2018-04-16 15:00:00,0.0
2018-04-16 16:00:00,0.0
2018-04-16 17:00:00,0.0
2018-04-16 18:00:00,10.159
2018-04-16 19:00:00,0.0
2018-04-16 20:00:00,0.0
2018-04-16 21:00:00,0.0
2018-04-16 22:00:00,0.0
2018-04-16 23:00:00,0.0
2018-04-17 00:00:00,0.0
2018-04-17 01:00:00,0.0
2018-04-17 02:00:00,0.0
2018-04-17 03:00:00,0.0
2018-04-17 04:00:00,0.0
2018-04-17 05:00:00,0.0
2018-04-17 06:00:00,18.532
2018-04-17 07:00:00,0.0
2018-04-17 08:00:00,0.0
2018-04-17 09:00:00,0.0
2018-04-17 10:00:00,0.0
2018-04-17 11:00:00,0.0
2018-04-17 12:00:00,0.0
2018-04-17 13:00:00,0.0
2018-04-17 14:00:00,0.0
2018-04-17 15:00:00,0.0
2018-04-17 16:00:00,8.49
2018-04-17 17:00:00,6.04
2018-04-17 18:00:00,0.671
2018-04-17 19:00:00,0.0
2018-04-17 20:00:00,0.223
2018-04-17 21:00:00,0.0
2018-04-17 22:00:00,0.0
2018-04-17 23:00:00,0.0
2018-04-18 00:00:00,0.0
2018-04-18 01:00:00,0.0
2018-04-18 02:00:00,0.0
2018-04-18 03:00:00,0.0
2018-04-18 04:00:00,0.0
2018-04-18 05:00:00,15.763
2018-04-18 06:00:00,3.017
2018-04-18 07:00:00,0.0
2018-04-18 08:00:00,0.0
2018-04-18 09:00:00,0.0
2018-04-18 10:00:00,0.0
2018-04-18 11:00:00,0.0
2018-04-18 12:00:00,0.0
2018-04-18 13:00:00,0.0
2018-04-18 14:00:00,0.0
2018-04-18 15:00:00,0.0
2018-04-18 16:00:00,0.0
2018-04-18 17:00:00,10.398
2018-04-18 18:00:00,0.0
2018-04-18 19:00:00,0.0
2018-04-18 20:00:00,0.0
2018-04-18 21:00:00,0.112
2018-04-18 22:00:00,0.0
2018-04-18 23:00:00,0.0
2018-04-19 00:00:00,0.0
2018-04-19 01:00:00,0.0
2018-04-19 02:00:00,0.0
2018-04-19 03:00:00,0.0
2018-04-19 04:00:00,0.0
2018-04-19 05:00:00,13.295
2018-04-19 06:00:00,2.124
2018-04-19 07:00:00,0.223
2018-04-19 08:00:00,0.0
2018-04-19 09:00:00,0.0
2018-04-19 10:00:00,0.0
2018-04-19 11:00:00,0.112
2018-04-19 12:00:00,1.68
2018-04-19 13:00:00,0.0
2018-04-19 14:00:00,0.0
2018-04-19 15:00:00,0.0
2018-04-19 16:00:00,0.0
2018-04-19 17:00:00,0.0
2018-04-19 18:00:00,0.0
2018-04-19 19:00:00,0.223
2018-04-19 20:00:00,0.0
2018-04-19 21:00:00,0.0
2018-04-19 22:00:00,0.0
2018-04-19 23:00:00,0.0
2018-04-20 00:00:00,0.0
2018-04-20 01:00:00,0.0
2018-04-20 02:00:00,6.028
2018-04-20 03:00:00,0.0
2018-04-20 04:00:00,0.0
2018-04-20 05:00:00,3.126
2018-04-20 06:00:00,0.0
2018-04-20 07:00:00,0.0
2018-04-20 08:00:00,0.0
2018-04-20 09:00:00,0.0
2018-04-20 10:00:00,0.0
2018-04-20 11:00:00,0.0
2018-04-20 12:00:00,0.0
2018-04-20 13:00:00,0.0
2018-04-20 14:00:00,2.233
2018-04-20 15:00:00,0.0
2018-04-20 16:00:00,0.0
2018-04-20 17:00:00,0.0
2018-04-20 18:00:00,0.0
2018-04-20 19:00:00,0.0
2018-04-20 20:00:00,0.0
2018-04-20 21:00:00,0.0
2018-04-20 22:00:00,0.0
2018-04-20 23:00:00,5.031
2018-04-21 00:00:00,0.0
2018-04-21 01:00:00,0.0
2018-04-21 02:00:00,0.0
2018-04-21 03:00:00,4.695
2018-04-21 04:00:00,0.0
2018-04-21 05:00:00,0.0
2018-04-21 06:00:00,0.112
2018-04-21 07:00:00,0.0
2018-04-21 08:00:00,5.922
2018-04-21 09:00:00,3.576
2018-04-21 10:00:00,0.0
2018-04-21 11:00:00,0.0
2018-04-21 12:00:00,0.0
2018-04-21 13:00:00,0.0
2018-04-21 14:00:00,0.0
2018-04-21 15:00:00,0.0
2018-04-21 16:00:00,0.0
2018-04-21 17:00:00,0.0
2018-04-21 18:00:00,0.0
2018-04-21 19:00:00,0.0
2018-04-21 20:00:00,0.0
2018-04-21 21:00:00,0.0
2018-04-21 22:00:00,0.0
2018-04-21 23:00:00,0.0
2018-04-22 00:00:00,0.0
2018-04-22 01:00:00,0.0
2018-04-22 02:00:00,0.0
2018-04-22 03:00:00,0.0
2018-04-22 04:00:00,0.0
2018-04-22 05:00:00,0.0
2018-04-22 06:00:00,0.0
2018-04-22 07:00:00,0.0
2018-04-22 08:00:00,0.0
2018-04-22 09:00:00,10.829
2018-04-22 10:00:00,2.679
2018-04-22 11:00:00,0.0
2018-04-22 12:00:00,0.0
2018-04-22 13:00:00,5.589
2018-04-22 14:00:00,1.228
2018-04-22 15:00:00,0.0
2018-04-22 16:00:00,0.0
2018-04-22 17:00:00,0.0
2018-04-22 18:00:00,0.0
2018-04-22 19:00:00,0.0
2018-04-22 20:00:00,0.0
2018-04-22 21:00:00,0.0
2018-04-22 22:00:00,0.0
2018-04-22 23:00:00,0.0
2018-04-23 00:00:00,0.0
2018-04-23 01:00:00,0.0
2018-04-23 02:00:00,0.0
2018-04-23 03:00:00,0.0
2018-04-23 04:00:00,0.0
2018-04-23 05:00:00,17.192
2018-04-23 06:00:00,2.122
2018-04-23 07:00:00,0.0
2018-04-23 08:00:00,0.0
2018-04-23 09:00:00,0.0
2018-04-23 10:00:00,0.0
2018-04-23 11:00:00,0.0
2018-04-23 12:00:00,0.0
2018-04-23 13:00:00,0.0
2018-04-23 14:00:00,0.0
2018-04-23 15:00:00,0.0
2018-04-23 16:00:00,0.0
2018-04-23 17:00:00,0.0
2018-04-23 18:00:00,0.0
2018-04-23 19:00:00,0.0
2018-04-23 20:00:00,0.0
2018-04-23 21:00:00,0.0
2018-04-23 22:00:00,0.0
2018-04-23 23:00:00,0.0
2018-04-24 00:00:00,0.0
2018-04-24 01:00:00,0.0
2018-04-24 02:00:00,0.0
2018-04-24 03:00:00,0.0
2018-04-24 04:00:00,0.0
2018-04-24 05:00:00,0.0
2018-04-24 06:00:00,0.0
2018-04-24 07:00:00,0.0
2018-04-24 08:00:00,0.0
2018-04-24 09:00:00,0.0
2018-04-24 10:00:00,0.0
2018-04-24 11:00:00,0.0
2018-04-24 12:00:00,0.0
2018-04-24 13:00:00,0.0
2018-04-24 14:00:00,0.0
2018-04-24 15:00:00,0.0
2018-04-24 16:00:00,0.781
2018-04-24 17:00:00,0.0
2018-04-24 18:00:00,0.0
2018-04-24 19:00:00,0.0
2018-04-24 20:00:00,0.0
2018-04-24 21:00:00,0.0
2018-04-24 22:00:00,0.0
2018-04-24 23:00:00,0.0
2018-04-25 00:00:00,0.0
2018-04-25 01:00:00,0.0
2018-04-25 02:00:00,0.0
2018-04-25 03:00:00,0.0
2018-04-25 04:00:00,0.0
2018-04-25 05:00:00,0.0
2018-04-25 06:00:00,0.0
2018-04-25 07:00:00,0.0
2018-04-25 08:00:00,0.0
2018-04-25 09:00:00,0.0
2018-04-25 10:00:00,0.0
2018-04-25 11:00:00,0.0
2018-04-25 12:00:00,0.0
2018-04-25 13:00:00,0.0
2018-04-25 14:00:00,0.0
2018-04-25 15:00:00,0.0
2018-04-25 16:00:00,0.0
2018-04-25 17:00:00,26.465
2018-04-25 18:00:00,0.0
2018-04-25 19:00:00,0.0
2018-04-25 20:00:00,0.0
2018-04-25 21:00:00,0.0
2018-04-25 22:00:00,0.0
2018-04-25 23:00:00,0.0
2018-04-26 00:00:00,0.0
2018-04-26 01:00:00,0.0
2018-04-26 02:00:00,0.0
2018-04-26 03:00:00,0.0
2018-04-26 04:00:00,0.0
2018-04-26 05:00:00,0.0
2018-04-26 06:00:00,0.0
2018-04-26 07:00:00,0.0
2018-04-26 08:00:00,0.0
2018-04-26 09:00:00,0.0
2018-04-26 10:00:00,0.0
2018-04-26 11:00:00,0.0
2018-04-26 12:00:00,0.0
2018-04-26 13:00:00,0.0
2018-04-26 14:00:00,0.0
2018-04-26 15:00:00,0.0
2018-04-26 16:00:00,0.0
2018-04-26 17:00:00,0.0
2018-04-26 18:00:00,0.0
2018-04-26 19:00:00,0.0
2018-04-26 20:00:00,0.0
2018-04-26 21:00:00,0.0
2018-04-26 22:00:00,0.0
2018-04-26 23:00:00,0.0
2018-04-27 00:00:00,0.0
2018-04-27 01:00:00,0.0
2018-04-27 02:00:00,0.0
2018-04-27 03:00:00,0.0
2018-04-27 04:00:00,0.0
2018-04-27 05:00:00,0.0
2018-04-27 06:00:00,0.0
2018-04-27 07:00:00,0.0
2018-04-27 08:00:00,0.0
2018-04-27 09:00:00,0.0
2018-04-27 10:00:00,0.0
2018-04-27 11:00:00,0.0
2018-04-27 12:00:00,0.0
2018-04-27 13:00:00,0.0
2018-04-27 14:00:00,0.0
2018-04-27 15:00:00,0.0
2018-04-27 16:00:00,0.0
2018-04-27 17:00:00,0.0
2018-04-27 18:00:00,0.0
2018-04-27 19:00:00,0.0
2018-04-27 20:00:00,0.0
2018-04-27 21:00:00,0.0
2018-04-27 22:00:00,0.0
2018-04-27 23:00:00,0.0
2018-04-28 00:00:00,0.0
2018-04-28 01:00:00,0.0
2018-04-28 02:00:00,0.0
2018-04-28 03:00:00,0.0
2018-04-28 04:00:00,0.0
2018-04-28 05:00:00,0.0
2018-04-28 06:00:00,0.0
2018-04-28 07:00:00,0.0
2018-04-28 08:00:00,46.553
2018-04-28 09:00:00,11.722
2018-04-28 10:00:00,0.0
2018-04-28 11:00:00,0.0
2018-04-28 12:00:00,0.0
2018-04-28 13:00:00,0.0
2018-04-28 14:00:00,0.0
2018-04-28 15:00:00,0.0
2018-04-28 16:00:00,0.0
2018-04-28 17:00:00,11.506
2018-04-28 18:00:00,0.0
2018-04-28 19:00:00,0.0
2018-04-28 20:00:00,0.0
2018-04-28 21:00:00,0.0
2018-04-28 22:00:00,0.0
2018-04-28 23:00:00,0.0
2018-04-29 00:00:00,0.0
2018-04-29 01:00:00,0.0
2018-04-29 02:00:00,0.0
2018-04-29 03:00:00,0.0
2018-04-29 04:00:00,0.0
2018-04-29 05:00:00,0.0
2018-04-29 06:00:00,0.0
2018-04-29 07:00:00,0.0
2018-04-29 08:00:00,0.0
2018-04-29 09:00:00,0.0
2018-04-29 10:00:00,0.0
2018-04-29 11:00:00,28.915
2018-04-29 12:00:00,0.0
2018-04-29 13:00:00,0.0
2018-04-29 14:00:00,0.0
2018-04-29 15:00:00,1.675
2018-04-29 16:00:00,1.563
2018-04-29 17:00:00,0.0
2018-04-29 18:00:00,0.0
2018-04-29 19:00:00,0.0
2018-04-29 20:00:00,1.675
2018-04-29 21:00:00,0.223
2018-04-29 22:00:00,0.0
2018-04-29 23:00:00,0.0
2018-04-30 00:00:00,0.0
2018-04-30 01:00:00,0.0
2018-04-30 02:00:00,0.0
2018-04-30 03:00:00,0.0
2018-04-30 04:00:00,3.133
2018-04-30 05:00:00,0.672
2018-04-30 06:00:00,0.0
2018-04-30 07:00:00,0.0
2018-04-30 08:00:00,0.0
2018-04-30 09:00:00,0.0
2018-04-30 10:00:00,0.0
2018-04-30 11:00:00,0.0
2018-04-30 12:00:00,0.0
2018-04-30 13:00:00,0.0
2018-04-30 14:00:00,0.0
2018-04-30 15:00:00,0.0
2018-04-30 16:00:00,0.0
2018-04-30 17:00:00,11.838
2018-04-30 18:00:00,0.0
2018-04-30 19:00:00,2.57
2018-04-30 20:00:00,0.0
2018-04-30 21:00:00,0.0
2018-04-30 22:00:00,0.0
2018-04-30 23:00:00,0.0
2018-05-01 00:00:00,0.0
2018-05-01 01:00:00,0.0
2018-05-01 02:00:00,0.0
2018-05-01 03:00:00,0.0
2018-05-01 04:00:00,4.246
2018-05-01 05:00:00,13.965
2018-05-01 06:00:00,0.0
2018-05-01 07:00:00,0.0
2018-05-01 08:00:00,0.0
2018-05-01 09:00:00,0.0
2018-05-01 10:00:00,0.0
2018-05-01 11:00:00,0.0
2018-05-01 12:00:00,0.0
2018-05-01 13:00:00,0.0
2018-05-01 14:00:00,0.0
2018-05-01 15:00:00,0.0
2018-05-01 16:00:00,0.112
2018-05-01 17:00:00,10.834
2018-05-01 18:00:00,0.0
2018-05-01 19:00:00,0.0
2018-05-01 20:00:00,0.0
2018-05-01 21:00:00,0.0
2018-05-01 22:00:00,0.0
2018-05-01 23:00:00,0.0
2018-05-02 00:00:00,0.0
2018-05-02 01:00:00,0.0
2018-05-02 02:00:00,0.0
2018-05-02 03:00:00,0.0
2018-05-02 04:00:00,0.0
2018-05-02 05:00:00,7.48
2018-05-02 06:00:00,4.466
2018-05-02 07:00:00,0.0
2018-05-02 08:00:00,0.0
2018-05-02 09:00:00,0.0
2018-05-02 10:00:00,0.0
2018-05-02 11:00:00,0.0
2018-05-02 12:00:00,0.0
2018-05-02 13:00:00,0.0
2018-05-02 14:00:00,0.0
2018-05-02 15:00:00,0.0
2018-05-02 16:00:00,0.0
2018-05-02 17:00:00,1.786
2018-05-02 18:00:00,0.0
2018-05-02 19:00:00,0.0
2018-05-02 20:00:00,11.387
2018-05-02 21:00:00,0.0
2018-05-02 22:00:00,0.0
2018-05-02 23:00:00,0.0
2018-05-03 00:00:00,0.0
2018-05-03 01:00:00,0.0
2018-05-03 02:00:00,0.0
2018-05-03 03:00:00,0.0
2018-05-03 04:00:00,2.457
2018-05-03 05:00:00,6.699
2018-05-03 06:00:00,0.0
2018-05-03 07:00:00,0.0
2018-05-03 08:00:00,0.0
2018-05-03 09:00:00,0.0
2018-05-03 10:00:00,0.0
2018-05-03 11:00:00,0.0
2018-05-03 12:00:00,0.0
2018-05-03 13:00:00,0.0
2018-05-03 14:00:00,0.0
2018-05-03 15:00:00,0.0
2018-05-03 16:00:00,0.0
2018-05-03 17:00:00,13.412
2018-05-03 18:00:00,3.907
2018-05-03 19:00:00,0.0
2018-05-03 20:00:00,0.0
2018-05-03 21:00:00,0.0
2018-05-03 22:00:00,0.0
2018-05-03 23:00:00,0.0
2018-05-04 00:00:00,0.0
2018-05-04 01:00:00,0.0
2018-05-04 02:00:00,0.0
2018-05-04 03:00:00,0.0
2018-05-04 04:00:00,0.0
2018-05-04 05:00:00,0.0
2018-05-04 06:00:00,0.0
2018-05-04 07:00:00,0.0
2018-05-04 08:00:00,0.0
2018-05-04 09:00:00,0.0
2018-05-04 10:00:00,0.0
2018-05-04 11:00:00,0.0
2018-05-04 12:00:00,0.0
2018-05-04 13:00:00,0.0
2018-05-04 14:00:00,0.0
2018-05-04 15:00:00,0.0
2018-05-04 16:00:00,0.0
2018-05-04 17:00:00,0.0
2018-05-04 18:00:00,0.0
2018-05-04 19:00:00,0.0
2018-05-04 20:00:00,0.0
2018-05-04 21:00:00,0.0
2018-05-04 22:00:00,0.0
2018-05-04 23:00:00,32.71
2018-05-05 00:00:00,0.0
2018-05-05 01:00:00,0.0
2018-05-05 02:00:00,0.0
2018-05-05 03:00:00,0.0
2018-05-05 04:00:00,0.0
2018-05-05 05:00:00,2.01
2018-05-05 06:00:00,5.818
2018-05-05 07:00:00,0.224
2018-05-05 08:00:00,8.499
2018-05-05 09:00:00,2.459
2018-05-05 10:00:00,5.585
2018-05-05 11:00:00,0.0
2018-05-05 12:00:00,0.0
2018-05-05 13:00:00,0.0
2018-05-05 14:00:00,0.0
2018-05-05 15:00:00,0.0
2018-05-05 16:00:00,0.0
2018-05-05 17:00:00,0.0
2018-05-05 18:00:00,0.0
2018-05-05 19:00:00,0.0
2018-05-05 20:00:00,0.0
2018-05-05 21:00:00,0.0
2018-05-05 22:00:00,0.0
2018-05-05 23:00:00,0.0
2018-05-06 00:00:00,0.0
2018-05-06 01:00:00,0.0
2018-05-06 02:00:00,0.0
2018-05-06 03:00:00,0.0
2018-05-06 04:00:00,0.0
2018-05-06 05:00:00,0.0
2018-05-06 06:00:00,0.0
2018-05-06 07:00:00,0.0
2018-05-06 08:00:00,0.0
2018-05-06 09:00:00,0.0
2018-05-06 10:00:00,0.0
2018-05-06 11:00:00,0.0
2018-05-06 12:00:00,0.0
2018-05-06 13:00:00,0.0
2018-05-06 14:00:00,0.0
2018-05-06 15:00:00,0.0
2018-05-06 16:00:00,0.0
2018-05-06 17:00:00,0.0
2018-05-06 18:00:00,0.0
2018-05-06 19:00:00,0.0
2018-05-06 20:00:00,0.0
2018-05-06 21:00:00,0.0
2018-05-06 22:00:00,0.0
2018-05-06 23:00:00,0.0
2018-05-07 00:00:00,0.0
2018-05-07 01:00:00,0.0
2018-05-07 02:00:00,0.0
2018-05-07 03:00:00,0.0
2018-05-07 04:00:00,0.0
2018-05-07 05:00:00,0.0
2018-05-07 06:00:00,0.0
2018-05-07 07:00:00,0.0
2018-05-07 08:00:00,0.0
2018-05-07 09:00:00,0.0
2018-05-07 10:00:00,0.0
2018-05-07 11:00:00,0.0
2018-05-07 12:00:00,0.0
2018-05-07 13:00:00,0.0
2018-05-07 14:00:00,0.0
2018-05-07 15:00:00,0.0
2018-05-07 16:00:00,0.0
2018-05-07 17:00:00,0.0
2018-05-07 18:00:00,0.0
2018-05-07 19:00:00,0.0
2018-05-07 20:00:00,0.0
2018-05-07 21:00:00,0.0
2018-05-07 22:00:00,0.0
2018-05-07 23:00:00,0.0
2018-05-08 00:00:00,0.0
2018-05-08 01:00:00,0.0
2018-05-08 02:00:00,0.0
2018-05-08 03:00:00,0.0
2018-05-08 04:00:00,0.0
2018-05-08 05:00:00,0.0
2018-05-08 06:00:00,25.676
2018-05-08 07:00:00,0.0
2018-05-08 08:00:00,0.0
2018-05-08 09:00:00,0.0
2018-05-08 10:00:00,0.0
2018-05-08 11:00:00,0.0
2018-05-08 12:00:00,0.0
2018-05-08 13:00:00,0.0
2018-05-08 14:00:00,0.0
2018-05-08 15:00:00,0.0
2018-05-08 16:00:00,0.0
2018-05-08 17:00:00,0.0
2018-05-08 18:00:00,0.0
2018-05-08 19:00:00,0.0
2018-05-08 20:00:00,0.0
2018-05-08 21:00:00,0.0
2018-05-08 22:00:00,0.0
2018-05-08 23:00:00,0.0
2018-05-09 00:00:00,0.0
2018-05-09 01:00:00,0.0
2018-05-09 02:00:00,0.0
2018-05-09 03:00:00,0.0
2018-05-09 04:00:00,0.0
2018-05-09 05:00:00,9.378
2018-05-09 06:00:00,0.0
2018-05-09 07:00:00,0.0
2018-05-09 08:00:00,0.0
2018-05-09 09:00:00,0.0
2018-05-09 10:00:00,0.0
2018-05-09 11:00:00,0.0
2018-05-09 12:00:00,0.0
2018-05-09 13:00:00,0.0
2018-05-09 14:00:00,0.0
2018-05-09 15:00:00,0.0
2018-05-09 16:00:00,0.0
2018-05-09 17:00:00,10.941
2018-05-09 18:00:00,0.0
2018-05-09 19:00:00,0.0
2018-05-09 20:00:00,0.0
2018-05-09 21:00:00,0.0
2018-05-09 22:00:00,0.0
2018-05-09 23:00:00,0.0
2018-05-10 00:00:00,0.0
2018-05-10 01:00:00,0.0
2018-05-10 02:00:00,0.0
2018-05-10 03:00:00,0.0
2018-05-10 04:00:00,0.0
2018-05-10 05:00:00,0.0
2018-05-10 06:00:00,0.0
2018-05-10 07:00:00,0.0
2018-05-10 08:00:00,0.0
2018-05-10 09:00:00,0.0
2018-05-10 10:00:00,0.0
2018-05-10 11:00:00,0.0
2018-05-10 12:00:00,0.0
2018-05-10 13:00:00,0.0
2018-05-10 14:00:00,0.0
2018-05-10 15:00:00,0.0
2018-05-10 16:00:00,0.0
2018-05-10 17:00:00,0.0
2018-05-10 18:00:00,0.0
2018-05-10 19:00:00,0.0
2018-05-10 20:00:00,0.0
2018-05-10 21:00:00,0.0
2018-05-10 22:00:00,0.0
2018-05-10 23:00:00,0.0
2018-05-11 00:00:00,0.0
2018-05-11 01:00:00,0.0
2018-05-11 02:00:00,0.0
2018-05-11 03:00:00,0.0
2018-05-11 04:00:00,0.0
2018-05-11 05:00:00,5.47
2018-05-11 06:00:00,0.0
2018-05-11 07:00:00,7.033
2018-05-11 08:00:00,0.0
2018-05-11 09:00:00,0.0
2018-05-11 10:00:00,0.0
2018-05-11 11:00:00,0.0
2018-05-11 12:00:00,0.0
2018-05-11 13:00:00,3.685
2018-05-11 14:00:00,0.893
2018-05-11 15:00:00,0.0
2018-05-11 16:00:00,6.821
2018-05-11 17:00:00,1.231
2018-05-11 18:00:00,0.0
2018-05-11 19:00:00,0.0
2018-05-11 20:00:00,0.0
2018-05-11 21:00:00,0.0
2018-05-11 22:00:00,0.446
2018-05-11 23:00:00,0.0
2018-05-12 00:00:00,0.0
2018-05-12 01:00:00,0.0
2018-05-12 02:00:00,0.0
2018-05-12 03:00:00,0.0
2018-05-12 04:00:00,0.0
2018-05-12 05:00:00,0.0
2018-05-12 06:00:00,0.0
2018-05-12 07:00:00,0.0
2018-05-12 08:00:00,4.69
2018-05-12 09:00:00,0.0
2018-05-12 10:00:00,1.788
2018-05-12 11:00:00,0.112
2018-05-12 12:00:00,0.0
2018-05-12 13:00:00,0.0
2018-05-12 14:00:00,0.0
2018-05-12 15:00:00,0.0
2018-05-12 16:00:00,0.0
2018-05-12 17:00:00,0.0
2018-05-12 18:00:00,0.112
2018-05-12 19:00:00,0.0
2018-05-12 20:00:00,0.0
2018-05-12 21:00:00,0.0
2018-05-12 22:00:00,0.0
2018-05-12 23:00:00,6.818
2018-05-13 00:00:00,0.0
2018-05-13 01:00:00,0.0
2018-05-13 02:00:00,0.0
2018-05-13 03:00:00,1.565
2018-05-13 04:00:00,4.691
2018-05-13 05:00:00,0.0
2018-05-13 06:00:00,0.0
2018-05-13 07:00:00,4.132
2018-05-13 08:00:00,3.015
2018-05-13 09:00:00,1.117
2018-05-13 10:00:00,0.0
2018-05-13 11:00:00,0.0
2018-05-13 12:00:00,0.0
2018-05-13 13:00:00,0.0
2018-05-13 14:00:00,0.0
2018-05-13 15:00:00,0.0
2018-05-13 16:00:00,0.0
2018-05-13 17:00:00,0.0
2018-05-13 18:00:00,0.0
2018-05-13 19:00:00,0.0
2018-05-13 20:00:00,0.0
2018-05-13 21:00:00,0.0
2018-05-13 22:00:00,0.0
2018-05-13 23:00:00,0.0
2018-05-14 00:00:00,0.0
2018-05-14 01:00:00,0.0
2018-05-14 02:00:00,0.0
2018-05-14 03:00:00,0.0
2018-05-14 04:00:00,0.0
2018-05-14 05:00:00,0.0
2018-05-14 06:00:00,0.0
2018-05-14 07:00:00,0.0
2018-05-14 08:00:00,0.0
2018-05-14 09:00:00,0.0
2018-05-14 10:00:00,0.0
2018-05-14 11:00:00,0.0
2018-05-14 12:00:00,0.0
2018-05-14 13:00:00,0.0
2018-05-14 14:00:00,0.0
2018-05-14 15:00:00,0.0
2018-05-14 16:00:00,0.0
2018-05-14 17:00:00,0.0
2018-05-14 18:00:00,27.463
2018-05-14 19:00:00,6.475
2018-05-14 20:00:00,0.0
2018-05-14 21:00:00,0.0
2018-05-14 22:00:00,0.0
2018-05-14 23:00:00,0.0
2018-05-15 00:00:00,0.0
2018-05-15 01:00:00,0.0
2018-05-15 02:00:00,0.0
2018-05-15 03:00:00,0.0
2018-05-15 04:00:00,0.0
2018-05-15 05:00:00,0.0
2018-05-15 06:00:00,0.0
2018-05-15 07:00:00,0.0
2018-05-15 08:00:00,0.0
2018-05-15 09:00:00,0.0
2018-05-15 10:00:00,0.0
2018-05-15 11:00:00,0.0
2018-05-15 12:00:00,0.0
2018-05-15 13:00:00,0.0
2018-05-15 14:00:00,0.0
2018-05-15 15:00:00,0.0
2018-05-15 16:00:00,0.0
2018-05-15 17:00:00,0.0
2018-05-15 18:00:00,0.0
2018-05-15 19:00:00,0.0
2018-05-15 20:00:00,0.0
2018-05-15 21:00:00,0.0
2018-05-15 22:00:00,0.0
2018-05-15 23:00:00,0.0
2018-05-16 00:00:00,0.0
2018-05-16 01:00:00,0.0
2018-05-16 02:00:00,0.0
2018-05-16 03:00:00,0.0
2018-05-16 04:00:00,0.0
2018-05-16 05:00:00,3.796
2018-05-16 06:00:00,0.0
2018-05-16 07:00:00,0.0
2018-05-16 08:00:00,0.0
2018-05-16 09:00:00,0.0
2018-05-16 10:00:00,0.0
2018-05-16 11:00:00,0.0
2018-05-16 12:00:00,0.0
2018-05-16 13:00:00,0.0
2018-05-16 14:00:00,0.0
2018-05-16 15:00:00,0.0
2018-05-16 16:00:00,0.0
2018-05-16 17:00:00,1.116
2018-05-16 18:00:00,6.038
2018-05-16 19:00:00,0.0
2018-05-16 20:00:00,0.0
2018-05-16 21:00:00,0.0
2018-05-16 22:00:00,0.0
2018-05-16 23:00:00,0.0
2018-05-17 00:00:00,0.0
2018-05-17 01:00:00,0.0
2018-05-17 02:00:00,0.0
2018-05-17 03:00:00,0.0
2018-05-17 04:00:00,0.0
2018-05-17 05:00:00,12.29
2018-05-17 06:00:00,0.894
2018-05-17 07:00:00,1.341
2018-05-17 08:00:00,0.0
2018-05-17 09:00:00,0.0
2018-05-17 10:00:00,0.0
2018-05-17 11:00:00,0.0
2018-05-17 12:00:00,0.0
2018-05-17 13:00:00,0.0
2018-05-17 14:00:00,0.0
2018-05-17 15:00:00,0.0
2018-05-17 16:00:00,0.0
2018-05-17 17:00:00,2.121
2018-05-17 18:00:00,0.0
2018-05-17 19:00:00,0.0
2018-05-17 20:00:00,0.0
2018-05-17 21:00:00,0.0
2018-05-17 22:00:00,0.0
2018-05-17 23:00:00,0.0
2018-05-18 00:00:00,0.0
2018-05-18 01:00:00,0.0
2018-05-18 02:00:00,0.0
2018-05-18 03:00:00,0.0
2018-05-18 04:00:00,0.0
2018-05-18 05:00:00,0.0
2018-05-18 06:00:00,0.0
2018-05-18 07:00:00,0.0
2018-05-18 08:00:00,0.0
2018-05-18 09:00:00,0.0
2018-05-18 10:00:00,0.0
2018-05-18 11:00:00,0.0
2018-05-18 12:00:00,0.0
2018-05-18 13:00:00,0.0
2018-05-18 14:00:00,0.0
2018-05-18 15:00:00,0.0
2018-05-18 16:00:00,0.0
2018-05-18 17:00:00,0.0
2018-05-18 18:00:00,0.0
2018-05-18 19:00:00,0.0
2018-05-18 20:00:00,0.0
2018-05-18 21:00:00,0.0
2018-05-18 22:00:00,0.0
2018-05-18 23:00:00,0.0
2018-05-19 00:00:00,0.0
2018-05-19 01:00:00,0.0
2018-05-19 02:00:00,0.0
2018-05-19 03:00:00,0.0
2018-05-19 04:00:00,0.0
2018-05-19 05:00:00,0.0
2018-05-19 06:00:00,0.0
2018-05-19 07:00:00,0.0
2018-05-19 08:00:00,0.0
2018-05-19 09:00:00,0.0
2018-05-19 10:00:00,0.0
2018-05-19 11:00:00,0.0
2018-05-19 12:00:00,0.0
2018-05-19 13:00:00,0.0
2018-05-19 14:00:00,0.0
2018-05-19 15:00:00,0.0
2018-05-19 16:00:00,0.0
2018-05-19 17:00:00,0.0
2018-05-19 18:00:00,0.0
2018-05-19 19:00:00,0.0
2018-05-19 20:00:00,0.0
2018-05-19 21:00:00,0.0
2018-05-19 22:00:00,0.0
2018-05-19 23:00:00,0.0
2018-05-20 00:00:00,0.0
2018-05-20 01:00:00,0.0
2018-05-20 02:00:00,0.0
2018-05-20 03:00:00,0.0
2018-05-20 04:00:00,0.0
2018-05-20 05:00:00,0.0
2018-05-20 06:00:00,0.0
2018-05-20 07:00:00,0.0
2018-05-20 08:00:00,0.0
2018-05-20 09:00:00,0.0
2018-05-20 10:00:00,0.0
2018-05-20 11:00:00,0.0
2018-05-20 12:00:00,0.0
2018-05-20 13:00:00,0.0
2018-05-20 14:00:00,0.0
2018-05-20 15:00:00,0.0
2018-05-20 16:00:00,38.071
2018-05-20 17:00:00,0.0
2018-05-20 18:00:00,0.112
2018-05-20 19:00:00,0.0
2018-05-20 20:00:00,0.0
2018-05-20 21:00:00,0.0
2018-05-20 22:00:00,0.0
2018-05-20 23:00:00,0.0
2018-05-21 00:00:00,0.0
2018-05-21 01:00:00,0.0
2018-05-21 02:00:00,0.0
2018-05-21 03:00:00,0.0
2018-05-21 04:00:00,0.0
2018-05-21 05:00:00,3.581
2018-05-21 06:00:00,0.0
2018-05-21 07:00:00,0.0
2018-05-21 08:00:00,0.0
2018-05-21 09:00:00,0.0
2018-05-21 10:00:00,0.0
2018-05-21 11:00:00,0.0
2018-05-21 12:00:00,0.0
2018-05-21 13:00:00,0.0
2018-05-21 14:00:00,0.0
2018-05-21 15:00:00,0.0
2018-05-21 16:00:00,0.0
2018-05-21 17:00:00,0.0
2018-05-21 18:00:00,0.0
2018-05-21 19:00:00,0.223
2018-05-21 20:00:00,0.112
2018-05-21 21:00:00,0.0
2018-05-21 22:00:00,0.112
2018-05-21 23:00:00,0.0
2018-05-22 00:00:00,0.0
2018-05-22 01:00:00,0.0
2018-05-22 02:00:00,0.0
2018-05-22 03:00:00,0.0
2018-05-22 04:00:00,0.0
2018-05-22 05:00:00,3.242
2018-05-22 06:00:00,1.454
2018-05-22 07:00:00,0.894
2018-05-22 08:00:00,0.0
2018-05-22 09:00:00,0.0
2018-05-22 10:00:00,0.0
2018-05-22 11:00:00,0.0
2018-05-22 12:00:00,0.0
2018-05-22 13:00:00,0.0
2018-05-22 14:00:00,0.0
2018-05-22 15:00:00,0.223
2018-05-22 16:00:00,0.0
2018-05-22 17:00:00,0.0
2018-05-22 18:00:00,1.005
2018-05-22 19:00:00,0.0
2018-05-22 20:00:00,0.0
2018-05-22 21:00:00,0.0
2018-05-22 22:00:00,0.0
2018-05-22 23:00:00,0.0
2018-05-23 00:00:00,0.0
2018-05-23 01:00:00,0.0
2018-05-23 02:00:00,0.0
2018-05-23 03:00:00,0.0
2018-05-23 04:00:00,0.0
2018-05-23 05:00:00,0.0
2018-05-23 06:00:00,2.344
2018-05-23 07:00:00,1.34
2018-05-23 08:00:00,0.0
2018-05-23 09:00:00,0.0
2018-05-23 10:00:00,0.0
2018-05-23 11:00:00,0.0
2018-05-23 12:00:00,0.0
2018-05-23 13:00:00,0.0
2018-05-23 14:00:00,0.0
2018-05-23 15:00:00,0.0
2018-05-23 16:00:00,0.0
2018-05-23 17:00:00,0.0
2018-05-23 18:00:00,0.0
2018-05-23 19:00:00,2.791
2018-05-23 20:00:00,0.0
2018-05-23 21:00:00,0.0
2018-05-23 22:00:00,0.0
2018-05-23 23:00:00,0.0
2018-05-24 00:00:00,0.0
2018-05-24 01:00:00,0.0
2018-05-24 02:00:00,0.0
2018-05-24 03:00:00,0.0
2018-05-24 04:00:00,0.0
2018-05-24 05:00:00,3.349
2018-05-24 06:00:00,0.0
2018-05-24 07:00:00,0.0
2018-05-24 08:00:00,0.0
2018-05-24 09:00:00,0.0
2018-05-24 10:00:00,0.0
2018-05-24 11:00:00,0.0
2018-05-24 12:00:00,0.0
2018-05-24 13:00:00,0.0
2018-05-24 14:00:00,0.0
2018-05-24 15:00:00,0.0
2018-05-24 16:00:00,0.0
2018-05-24 17:00:00,0.0
2018-05-24 18:00:00,0.0
2018-05-24 19:00:00,0.0
2018-05-24 20:00:00,0.0
2018-05-24 21:00:00,0.0
2018-05-24 22:00:00,0.0
2018-05-24 23:00:00,0.0
2018-05-25 00:00:00,0.0
2018-05-25 01:00:00,0.0
2018-05-25 02:00:00,0.0
2018-05-25 03:00:00,0.0
2018-05-25 04:00:00,0.0
2018-05-25 05:00:00,3.238
2018-05-25 06:00:00,2.68
2018-05-25 07:00:00,0.0
2018-05-25 08:00:00,0.0
2018-05-25 09:00:00,0.0
2018-05-25 10:00:00,0.0
2018-05-25 11:00:00,0.0
2018-05-25 12:00:00,0.0
2018-05-25 13:00:00,0.0
2018-05-25 14:00:00,0.0
2018-05-25 15:00:00,0.0
2018-05-25 16:00:00,0.0
2018-05-25 17:00:00,0.0
2018-05-25 18:00:00,0.0
2018-05-25 19:00:00,0.0
2018-05-25 20:00:00,0.0
2018-05-25 21:00:00,0.0
2018-05-25 22:00:00,0.0
2018-05-25 23:00:00,0.0
2018-05-26 00:00:00,0.0
2018-05-26 01:00:00,0.0
2018-05-26 02:00:00,0.0
2018-05-26 03:00:00,0.0
2018-05-26 04:00:00,0.0
2018-05-26 05:00:00,0.0
2018-05-26 06:00:00,0.0
2018-05-26 07:00:00,2.679
2018-05-26 08:00:00,0.0
2018-05-26 09:00:00,0.0
2018-05-26 10:00:00,0.0
2018-05-26 11:00:00,0.0
2018-05-26 12:00:00,0.0
2018-05-26 13:00:00,0.0
2018-05-26 14:00:00,0.0
2018-05-26 15:00:00,0.0
2018-05-26 16:00:00,0.0
2018-05-26 17:00:00,0.0
2018-05-26 18:00:00,0.0
2018-05-26 19:00:00,0.0
2018-05-26 20:00:00,0.0
2018-05-26 21:00:00,0.0
2018-05-26 22:00:00,0.0
2018-05-26 23:00:00,0.0
2018-05-27 00:00:00,0.0
2018-05-27 01:00:00,0.0
2018-05-27 02:00:00,0.0
2018-05-27 03:00:00,0.0
2018-05-27 04:00:00,0.0
2018-05-27 05:00:00,0.0
2018-05-27 06:00:00,0.0
2018-05-27 07:00:00,0.0
2018-05-27 08:00:00,0.0
2018-05-27 09:00:00,0.0
2018-05-27 10:00:00,0.0
2018-05-27 11:00:00,0.0
2018-05-27 12:00:00,0.0
2018-05-27 13:00:00,0.0
2018-05-27 14:00:00,0.0
2018-05-27 15:00:00,0.0
2018-05-27 16:00:00,0.0
2018-05-27 17:00:00,0.0
2018-05-27 18:00:00,0.0
2018-05-27 19:00:00,0.0
2018-05-27 20:00:00,0.0
2018-05-27 21:00:00,0.0
2018-05-27 22:00:00,0.0
2018-05-27 23:00:00,0.0
2018-05-28 00:00:00,0.0
2018-05-28 01:00:00,0.0
2018-05-28 02:00:00,0.0
2018-05-28 03:00:00,0.0
2018-05-28 04:00:00,0.0
2018-05-28 05:00:00,0.0
2018-05-28 06:00:00,0.0
2018-05-28 07:00:00,0.0
2018-05-28 08:00:00,0.0
2018-05-28 09:00:00,0.0
2018-05-28 10:00:00,0.0
2018-05-28 11:00:00,0.0
2018-05-28 12:00:00,0.0
2018-05-28 13:00:00,0.0
2018-05-28 14:00:00,0.0
2018-05-28 15:00:00,0.0
2018-05-28 16:00:00,0.0
2018-05-28 17:00:00,0.0
2018-05-28 18:00:00,0.0
2018-05-28 19:00:00,0.0
2018-05-28 20:00:00,0.0
2018-05-28 21:00:00,0.0
2018-05-28 22:00:00,0.0
2018-05-28 23:00:00,0.0
2018-05-29 00:00:00,0.0
2018-05-29 01:00:00,0.0
2018-05-29 02:00:00,0.0
2018-05-29 03:00:00,0.0
2018-05-29 04:00:00,35.502
2018-05-29 05:00:00,0.0
2018-05-29 06:00:00,0.0
2018-05-29 07:00:00,0.0
2018-05-29 08:00:00,0.0
2018-05-29 09:00:00,0.0
2018-05-29 10:00:00,0.0
2018-05-29 11:00:00,0.0
2018-05-29 12:00:00,0.0
2018-05-29 13:00:00,0.0
2018-05-29 14:00:00,0.0
2018-05-29 15:00:00,0.0
2018-05-29 16:00:00,0.0
2018-05-29 17:00:00,0.0
2018-05-29 18:00:00,0.0
2018-05-29 19:00:00,0.0
2018-05-29 20:00:00,0.0
2018-05-29 21:00:00,0.0
2018-05-29 22:00:00,0.0
2018-05-29 23:00:00,0.0
2018-05-30 00:00:00,0.0
2018-05-30 01:00:00,0.0
2018-05-30 02:00:00,0.0
2018-05-30 03:00:00,0.0
2018-05-30 04:00:00,0.0
2018-05-30 05:00:00,0.0
2018-05-30 06:00:00,0.0
2018-05-30 07:00:00,0.0
2018-05-30 08:00:00,0.0
2018-05-30 09:00:00,0.0
2018-05-30 10:00:00,0.0
2018-05-30 11:00:00,0.0
2018-05-30 12:00:00,0.0
2018-05-30 13:00:00,0.0
2018-05-30 14:00:00,0.0
2018-05-30 15:00:00,0.0
2018-05-30 16:00:00,0.0
2018-05-30 17:00:00,9.936
2018-05-30 18:00:00,0.0
2018-05-30 19:00:00,0.0
2018-05-30 20:00:00,0.0
2018-05-30 21:00:00,0.0
2018-05-30 22:00:00,0.0
2018-05-30 23:00:00,0.0
2018-05-31 00:00:00,0.0
2018-05-31 01:00:00,0.0
2018-05-31 02:00:00,0.0
2018-05-31 03:00:00,0.0
2018-05-31 04:00:00,0.0
2018-05-31 05:00:00,0.0
2018-05-31 06:00:00,4.354
2018-05-31 07:00:00,0.0
2018-05-31 08:00:00,0.0
2018-05-31 09:00:00,0.0
2018-05-31 10:00:00,0.0
2018-05-31 11:00:00,0.0
2018-05-31 12:00:00,0.0
2018-05-31 13:00:00,0.0
2018-05-31 14:00:00,0.0
2018-05-31 15:00:00,0.0
2018-05-31 16:00:00,0.0
2018-05-31 17:00:00,0.0
2018-05-31 18:00:00,0.0
2018-05-31 19:00:00,0.0
2018-05-31 20:00:00,8.261
2018-05-31 21:00:00,0.0
2018-05-31 22:00:00,0.0
2018-05-31 23:00:00,0.0
2018-06-01 00:00:00,0.0
2018-06-01 01:00:00,0.0
2018-06-01 02:00:00,0.0
2018-06-01 03:00:00,0.0
2018-06-01 04:00:00,2.122
2018-06-01 05:00:00,0.0
2018-06-01 06:00:00,0.0
2018-06-01 07:00:00,0.0
2018-06-01 08:00:00,0.0
2018-06-01 09:00:00,0.0
2018-06-01 10:00:00,0.0
2018-06-01 11:00:00,0.0
2018-06-01 12:00:00,0.0
2018-06-01 13:00:00,0.0
2018-06-01 14:00:00,0.0
2018-06-01 15:00:00,0.0
2018-06-01 16:00:00,0.0
2018-06-01 17:00:00,3.795
2018-06-01 18:00:00,0.0
2018-06-01 19:00:00,0.0
2018-06-01 20:00:00,0.0
2018-06-01 21:00:00,0.0
2018-06-01 22:00:00,0.0
2018-06-01 23:00:00,0.0
2018-06-02 00:00:00,0.0
2018-06-02 01:00:00,0.0
2018-06-02 02:00:00,0.0
2018-06-02 03:00:00,0.0
2018-06-02 04:00:00,0.0
2018-06-02 05:00:00,0.0
2018-06-02 06:00:00,0.0
2018-06-02 07:00:00,0.0
2018-06-02 08:00:00,0.0
2018-06-02 09:00:00,0.0
2018-06-02 10:00:00,0.0
2018-06-02 11:00:00,0.0
2018-06-02 12:00:00,0.0
2018-06-02 13:00:00,0.0
2018-06-02 14:00:00,0.0
2018-06-02 15:00:00,0.0
2018-06-02 16:00:00,0.0
2018-06-02 17:00:00,0.0
2018-06-02 18:00:00,0.0
2018-06-02 19:00:00,0.0
2018-06-02 20:00:00,0.0
2018-06-02 21:00:00,0.0
2018-06-02 22:00:00,0.0
2018-06-02 23:00:00,10.829
2018-06-03 00:00:00,0.0
2018-06-03 01:00:00,0.0
2018-06-03 02:00:00,0.0
2018-06-03 03:00:00,0.0
2018-06-03 04:00:00,0.0
2018-06-03 05:00:00,0.0
2018-06-03 06:00:00,0.0
2018-06-03 07:00:00,0.0
2018-06-03 08:00:00,0.0
2018-06-03 09:00:00,2.681
2018-06-03 10:00:00,2.573
2018-06-03 11:00:00,0.0
2018-06-03 12:00:00,0.0
2018-06-03 13:00:00,3.908
2018-06-03 14:00:00,6.698
2018-06-03 15:00:00,0.0
2018-06-03 16:00:00,0.0
2018-06-03 17:00:00,0.0
2018-06-03 18:00:00,4.577
2018-06-03 19:00:00,0.0
2018-06-03 20:00:00,0.0
2018-06-03 21:00:00,0.0
2018-06-03 22:00:00,0.0
2018-06-03 23:00:00,0.0
2018-06-04 00:00:00,0.0
2018-06-04 01:00:00,0.0
2018-06-04 02:00:00,0.0
2018-06-04 03:00:00,0.0
2018-06-04 04:00:00,0.0
2018-06-04 05:00:00,9.601
2018-06-04 06:00:00,0.0
2018-06-04 07:00:00,0.0
2018-06-04 08:00:00,0.0
2018-06-04 09:00:00,0.0
2018-06-04 10:00:00,0.0
2018-06-04 11:00:00,0.0
2018-06-04 12:00:00,0.67
2018-06-04 13:00:00,0.112
2018-06-04 14:00:00,0.0
2018-06-04 15:00:00,1.788
2018-06-04 16:00:00,0.0
2018-06-04 17:00:00,0.782
2018-06-04 18:00:00,0.0
2018-06-04 19:00:00,0.0
2018-06-04 20:00:00,0.0
2018-06-04 21:00:00,0.0
2018-06-04 22:00:00,0.0
2018-06-04 23:00:00,0.0
2018-06-05 00:00:00,0.0
2018-06-05 01:00:00,0.0
2018-06-05 02:00:00,0.0
2018-06-05 03:00:00,0.0
2018-06-05 04:00:00,0.0
2018-06-05 05:00:00,3.907
2018-06-05 06:00:00,0.447
2018-06-05 07:00:00,0.0
2018-06-05 08:00:00,0.0
2018-06-05 09:00:00,0.0
2018-06-05 10:00:00,0.0
2018-06-05 11:00:00,0.0
2018-06-05 12:00:00,0.0
2018-06-05 13:00:00,0.0
2018-06-05 14:00:00,0.0
2018-06-05 15:00:00,0.0
2018-06-05 16:00:00,1.34
2018-06-05 17:00:00,0.0
2018-06-05 18:00:00,0.0
2018-06-05 19:00:00,0.0
2018-06-05 20:00:00,0.558
2018-06-05 21:00:00,0.0
2018-06-05 22:00:00,0.0
2018-06-05 23:00:00,0.0
2018-06-06 00:00:00,0.0
2018-06-06 01:00:00,0.0
2018-06-06 02:00:00,0.0
2018-06-06 03:00:00,0.0
2018-06-06 04:00:00,0.0
2018-06-06 05:00:00,0.0
2018-06-06 06:00:00,5.249
2018-06-06 07:00:00,1.12
2018-06-06 08:00:00,0.0
2018-06-06 09:00:00,0.0
2018-06-06 10:00:00,0.0
2018-06-06 11:00:00,0.0
2018-06-06 12:00:00,0.0
2018-06-06 13:00:00,0.0
2018-06-06 14:00:00,0.0
2018-06-06 15:00:00,0.0
2018-06-06 16:00:00,0.0
2018-06-06 17:00:00,0.112
2018-06-06 18:00:00,0.0
2018-06-06 19:00:00,0.0
2018-06-06 20:00:00,0.0
2018-06-06 21:00:00,0.0
2018-06-06 22:00:00,0.0
2018-06-06 23:00:00,0.0
2018-06-07 00:00:00,0.0
2018-06-07 01:00:00,0.0
2018-06-07 02:00:00,0.0
2018-06-07 03:00:00,0.0
2018-06-07 04:00:00,0.0
2018-06-07 05:00:00,0.0
2018-06-07 06:00:00,0.0
2018-06-07 07:00:00,0.0
2018-06-07 08:00:00,0.0
2018-06-07 09:00:00,0.0
2018-06-07 10:00:00,0.0
2018-06-07 11:00:00,0.0
2018-06-07 12:00:00,0.0
2018-06-07 13:00:00,0.0
2018-06-07 14:00:00,0.0
2018-06-07 15:00:00,0.0
2018-06-07 16:00:00,0.0
2018-06-07 17:00:00,0.0
2018-06-07 18:00:00,0.0
2018-06-07 19:00:00,0.0
2018-06-07 20:00:00,0.0
2018-06-07 21:00:00,0.0
2018-06-07 22:00:00,0.0
2018-06-07 23:00:00,0.0
2018-06-08 00:00:00,0.0
2018-06-08 01:00:00,0.0
2018-06-08 02:00:00,0.0
2018-06-08 03:00:00,0.0
2018-06-08 04:00:00,0.0
2018-06-08 05:00:00,0.0
2018-06-08 06:00:00,0.0
2018-06-08 07:00:00,0.0
2018-06-08 08:00:00,0.0
2018-06-08 09:00:00,0.0
2018-06-08 10:00:00,0.0
2018-06-08 11:00:00,0.0
2018-06-08 12:00:00,0.0
2018-06-08 13:00:00,0.0
2018-06-08 14:00:00,0.0
2018-06-08 15:00:00,0.0
2018-06-08 16:00:00,0.0
2018-06-08 17:00:00,0.0
2018-06-08 18:00:00,0.0
2018-06-08 19:00:00,0.0
2018-06-08 20:00:00,14.067
2018-06-08 21:00:00,2.009
2018-06-08 22:00:00,0.0
2018-06-08 23:00:00,0.0
2018-06-09 00:00:00,0.0
2018-06-09 01:00:00,0.0
2018-06-09 02:00:00,0.0
2018-06-09 03:00:00,0.0
2018-06-09 04:00:00,0.0
2018-06-09 05:00:00,0.0
2018-06-09 06:00:00,0.0
2018-06-09 07:00:00,0.0
2018-06-09 08:00:00,6.813
2018-06-09 09:00:00,3.686
2018-06-09 10:00:00,0.0
2018-06-09 11:00:00,0.0
2018-06-09 12:00:00,0.0
2018-06-09 13:00:00,0.0
2018-06-09 14:00:00,0.0
2018-06-09 15:00:00,0.0
2018-06-09 16:00:00,0.0
2018-06-09 17:00:00,0.335
2018-06-09 18:00:00,0.0
2018-06-09 19:00:00,0.0
2018-06-09 20:00:00,0.0
2018-06-09 21:00:00,0.0
2018-06-09 22:00:00,0.0
2018-06-09 23:00:00,0.0
2018-06-10 00:00:00,0.0
2018-06-10 01:00:00,0.0
2018-06-10 02:00:00,0.0
2018-06-10 03:00:00,0.0
2018-06-10 04:00:00,0.0
2018-06-10 05:00:00,0.0
2018-06-10 06:00:00,0.0
2018-06-10 07:00:00,0.0
2018-06-10 08:00:00,0.0
2018-06-10 09:00:00,0.0
2018-06-10 10:00:00,4.029
2018-06-10 11:00:00,0.0
2018-06-10 12:00:00,0.0
2018-06-10 13:00:00,2.797
2018-06-10 14:00:00,1.676
2018-06-10 15:00:00,0.0
2018-06-10 16:00:00,0.0
2018-06-10 17:00:00,0.0
2018-06-10 18:00:00,0.0
2018-06-10 19:00:00,0.0
2018-06-10 20:00:00,0.0
2018-06-10 21:00:00,0.0
2018-06-10 22:00:00,0.0
2018-06-10 23:00:00,0.0
2018-06-11 00:00:00,0.0
2018-06-11 01:00:00,0.0
2018-06-11 02:00:00,0.0
2018-06-11 03:00:00,0.0
2018-06-11 04:00:00,4.019
2018-06-11 05:00:00,0.0
2018-06-11 06:00:00,0.0
2018-06-11 07:00:00,0.0
2018-06-11 08:00:00,0.0
2018-06-11 09:00:00,0.0
2018-06-11 10:00:00,0.0
2018-06-11 11:00:00,0.0
2018-06-11 12:00:00,0.0
2018-06-11 13:00:00,0.0
2018-06-11 14:00:00,0.0
2018-06-11 15:00:00,0.0
2018-06-11 16:00:00,0.0
2018-06-11 17:00:00,0.558
2018-06-11 18:00:00,0.0
2018-06-11 19:00:00,0.223
2018-06-11 20:00:00,0.0
2018-06-11 21:00:00,0.223
2018-06-11 22:00:00,0.0
2018-06-11 23:00:00,0.0
2018-06-12 00:00:00,0.0
2018-06-12 01:00:00,0.0
2018-06-12 02:00:00,0.0
2018-06-12 03:00:00,0.0
2018-06-12 04:00:00,3.135
2018-06-12 05:00:00,0.112
2018-06-12 06:00:00,1.453
2018-06-12 07:00:00,1.007
2018-06-12 08:00:00,0.0
2018-06-12 09:00:00,0.0
2018-06-12 10:00:00,0.0
2018-06-12 11:00:00,0.0
2018-06-12 12:00:00,0.0
2018-06-12 13:00:00,0.0
2018-06-12 14:00:00,0.0
2018-06-12 15:00:00,0.0
2018-06-12 16:00:00,0.0
2018-06-12 17:00:00,0.447
2018-06-12 18:00:00,0.0
2018-06-12 19:00:00,4.358
2018-06-12 20:00:00,0.0
2018-06-12 21:00:00,0.0
2018-06-12 22:00:00,0.0
2018-06-12 23:00:00,0.0
2018-06-13 00:00:00,0.0
2018-06-13 01:00:00,0.0
2018-06-13 02:00:00,0.0
2018-06-13 03:00:00,0.0
2018-06-13 04:00:00,2.351
2018-06-13 05:00:00,0.0
2018-06-13 06:00:00,0.0
2018-06-13 07:00:00,0.0
2018-06-13 08:00:00,1.451
2018-06-13 09:00:00,0.0
2018-06-13 10:00:00,0.0
2018-06-13 11:00:00,0.0
2018-06-13 12:00:00,0.0
2018-06-13 13:00:00,0.0
2018-06-13 14:00:00,0.0
2018-06-13 15:00:00,0.0
2018-06-13 16:00:00,0.0
2018-06-13 17:00:00,0.893
2018-06-13 18:00:00,3.018
2018-06-13 19:00:00,0.0
2018-06-13 20:00:00,0.0
2018-06-13 21:00:00,0.0
2018-06-13 22:00:00,0.0
2018-06-13 23:00:00,0.0
2018-06-14 00:00:00,0.0
2018-06-14 01:00:00,0.0
2018-06-14 02:00:00,0.0
2018-06-14 03:00:00,0.0
2018-06-14 04:00:00,0.0
2018-06-14 05:00:00,0.0
2018-06-14 06:00:00,0.0
2018-06-14 07:00:00,0.0
2018-06-14 08:00:00,0.0
2018-06-14 09:00:00,6.927
2018-06-14 10:00:00,0.0
2018-06-14 11:00:00,0.112
2018-06-14 12:00:00,0.0
2018-06-14 13:00:00,0.0
2018-06-14 14:00:00,0.0
2018-06-14 15:00:00,0.0
2018-06-14 16:00:00,0.0
2018-06-14 17:00:00,0.0
2018-06-14 18:00:00,0.0
2018-06-14 19:00:00,0.0
2018-06-14 20:00:00,0.0
2018-06-14 21:00:00,0.0
2018-06-14 22:00:00,0.0
2018-06-14 23:00:00,0.0
2018-06-15 00:00:00,0.0
2018-06-15 01:00:00,0.0
2018-06-15 02:00:00,0.0
2018-06-15 03:00:00,0.0
2018-06-15 04:00:00,0.0
2018-06-15 05:00:00,0.0
2018-06-15 06:00:00,0.0
2018-06-15 07:00:00,4.578
2018-06-15 08:00:00,0.0
2018-06-15 09:00:00,0.0
2018-06-15 10:00:00,0.0
2018-06-15 11:00:00,0.0
2018-06-15 12:00:00,4.466
2018-06-15 13:00:00,0.0
2018-06-15 14:00:00,0.0
2018-06-15 15:00:00,0.0
2018-06-15 16:00:00,3.35
2018-06-15 17:00:00,0.0
2018-06-15 18:00:00,0.0
2018-06-15 19:00:00,0.0
2018-06-15 20:00:00,0.0
2018-06-15 21:00:00,0.0
2018-06-15 22:00:00,0.0
2018-06-15 23:00:00,0.0
2018-06-16 00:00:00,0.0
2018-06-16 01:00:00,0.0
2018-06-16 02:00:00,0.0
2018-06-16 03:00:00,0.0
2018-06-16 04:00:00,0.0
2018-06-16 05:00:00,0.0
2018-06-16 06:00:00,3.24
2018-06-16 07:00:00,0.0
2018-06-16 08:00:00,0.0
2018-06-16 09:00:00,0.0
2018-06-16 10:00:00,0.0
2018-06-16 11:00:00,0.0
2018-06-16 12:00:00,0.0
2018-06-16 13:00:00,0.0
2018-06-16 14:00:00,0.0
2018-06-16 15:00:00,0.0
2018-06-16 16:00:00,0.0
2018-06-16 17:00:00,0.0
2018-06-16 18:00:00,0.0
2018-06-16 19:00:00,0.0
2018-06-16 20:00:00,0.0
2018-06-16 21:00:00,0.0
2018-06-16 22:00:00,6.252
2018-06-16 23:00:00,0.0
2018-06-17 00:00:00,0.0
2018-06-17 01:00:00,0.0
2018-06-17 02:00:00,0.0
2018-06-17 03:00:00,0.0
2018-06-17 04:00:00,0.0
2018-06-17 05:00:00,0.0
2018-06-17 06:00:00,0.0
2018-06-17 07:00:00,0.0
2018-06-17 08:00:00,0.0
2018-06-17 09:00:00,0.0
2018-06-17 10:00:00,4.138
2018-06-17 11:00:00,4.358
2018-06-17 12:00:00,0.112
2018-06-17 13:00:00,0.0
2018-06-17 14:00:00,0.0
2018-06-17 15:00:00,0.0
2018-06-17 16:00:00,0.0
2018-06-17 17:00:00,0.0
2018-06-17 18:00:00,0.223
2018-06-17 19:00:00,0.0
2018-06-17 20:00:00,0.0
2018-06-17 21:00:00,0.0
2018-06-17 22:00:00,0.0
2018-06-17 23:00:00,0.0
2018-06-18 00:00:00,0.0
2018-06-18 01:00:00,0.0
2018-06-18 02:00:00,0.0
2018-06-18 03:00:00,0.0
2018-06-18 04:00:00,0.0
2018-06-18 05:00:00,0.0
2018-06-18 06:00:00,0.0
2018-06-18 07:00:00,0.0
2018-06-18 08:00:00,0.0
2018-06-18 09:00:00,0.0
2018-06-18 10:00:00,0.0
2018-06-18 11:00:00,0.0
2018-06-18 12:00:00,0.0
2018-06-18 13:00:00,0.0
2018-06-18 14:00:00,0.0
2018-06-18 15:00:00,0.0
2018-06-18 16:00:00,0.0
2018-06-18 17:00:00,0.0
2018-06-18 18:00:00,0.0
2018-06-18 19:00:00,0.0
2018-06-18 20:00:00,0.0
2018-06-18 21:00:00,0.0
2018-06-18 22:00:00,0.0
2018-06-18 23:00:00,0.0
2018-06-19 00:00:00,0.0
2018-06-19 01:00:00,0.0
2018-06-19 02:00:00,0.0
2018-06-19 03:00:00,0.0
2018-06-19 04:00:00,0.0
2018-06-19 05:00:00,0.0
2018-06-19 06:00:00,0.0
2018-06-19 07:00:00,0.0
2018-06-19 08:00:00,0.0
2018-06-19 09:00:00,0.0
2018-06-19 10:00:00,0.0
2018-06-19 11:00:00,0.0
2018-06-19 12:00:00,0.0
2018-06-19 13:00:00,0.0
2018-06-19 14:00:00,0.0
2018-06-19 15:00:00,0.0
2018-06-19 16:00:00,0.67
2018-06-19 17:00:00,4.362
2018-06-19 18:00:00,4.697
2018-06-19 19:00:00,0.0
2018-06-19 20:00:00,0.0
2018-06-19 21:00:00,0.0
2018-06-19 22:00:00,0.0
2018-06-19 23:00:00,0.0
2018-06-20 00:00:00,0.0
2018-06-20 01:00:00,0.0
2018-06-20 02:00:00,0.0
2018-06-20 03:00:00,0.0
2018-06-20 04:00:00,0.0
2018-06-20 05:00:00,1.451
2018-06-20 06:00:00,0.0
2018-06-20 07:00:00,0.0
2018-06-20 08:00:00,0.0
2018-06-20 09:00:00,0.0
2018-06-20 10:00:00,0.0
2018-06-20 11:00:00,0.0
2018-06-20 12:00:00,0.0
2018-06-20 13:00:00,0.0
2018-06-20 14:00:00,0.0
2018-06-20 15:00:00,0.0
2018-06-20 16:00:00,0.0
2018-06-20 17:00:00,3.126
2018-06-20 18:00:00,0.0
2018-06-20 19:00:00,0.0
2018-06-20 20:00:00,0.0
2018-06-20 21:00:00,0.0
2018-06-20 22:00:00,0.0
2018-06-20 23:00:00,0.0
2018-06-21 00:00:00,0.0
2018-06-21 01:00:00,0.0
2018-06-21 02:00:00,0.0
2018-06-21 03:00:00,0.0
2018-06-21 04:00:00,0.0
2018-06-21 05:00:00,6.14
2018-06-21 06:00:00,0.447
2018-06-21 07:00:00,0.0
2018-06-21 08:00:00,0.0
2018-06-21 09:00:00,0.0
2018-06-21 10:00:00,0.0
2018-06-21 11:00:00,0.0
2018-06-21 12:00:00,0.0
2018-06-21 13:00:00,0.0
2018-06-21 14:00:00,0.0
2018-06-21 15:00:00,0.0
2018-06-21 16:00:00,0.0
2018-06-21 17:00:00,1.676
2018-06-21 18:00:00,0.0
2018-06-21 19:00:00,0.0
2018-06-21 20:00:00,0.0
2018-06-21 21:00:00,0.0
2018-06-21 22:00:00,0.0
2018-06-21 23:00:00,0.0
2018-06-22 00:00:00,0.0
2018-06-22 01:00:00,0.0
2018-06-22 02:00:00,0.0
2018-06-22 03:00:00,0.0
2018-06-22 04:00:00,0.0
2018-06-22 05:00:00,2.01
2018-06-22 06:00:00,0.0
2018-06-22 07:00:00,0.0
2018-06-22 08:00:00,0.0
2018-06-22 09:00:00,0.0
2018-06-22 10:00:00,0.0
2018-06-22 11:00:00,0.0
2018-06-22 12:00:00,0.0
2018-06-22 13:00:00,0.0
2018-06-22 14:00:00,0.0
2018-06-22 15:00:00,0.0
2018-06-22 16:00:00,0.0
2018-06-22 17:00:00,0.0
2018-06-22 18:00:00,0.0
2018-06-22 19:00:00,0.0
2018-06-22 20:00:00,0.0
2018-06-22 21:00:00,0.0
2018-06-22 22:00:00,4.019
2018-06-22 23:00:00,0.0
2018-06-23 00:00:00,0.0
2018-06-23 01:00:00,0.0
2018-06-23 02:00:00,0.0
2018-06-23 03:00:00,0.0
2018-06-23 04:00:00,0.0
2018-06-23 05:00:00,0.0
2018-06-23 06:00:00,0.0
2018-06-23 07:00:00,0.0
2018-06-23 08:00:00,2.122
2018-06-23 09:00:00,2.122
2018-06-23 10:00:00,0.0
2018-06-23 11:00:00,0.0
2018-06-23 12:00:00,0.0
2018-06-23 13:00:00,0.0
2018-06-23 14:00:00,0.0
2018-06-23 15:00:00,0.0
2018-06-23 16:00:00,3.685
2018-06-23 17:00:00,0.0
2018-06-23 18:00:00,0.0
2018-06-23 19:00:00,0.0
2018-06-23 20:00:00,0.0
2018-06-23 21:00:00,0.0
2018-06-23 22:00:00,0.0
2018-06-23 23:00:00,0.0
2018-06-24 00:00:00,0.0
2018-06-24 01:00:00,0.0
2018-06-24 02:00:00,0.0
2018-06-24 03:00:00,0.0
2018-06-24 04:00:00,0.0
2018-06-24 05:00:00,0.0
2018-06-24 06:00:00,0.0
2018-06-24 07:00:00,2.909
2018-06-24 08:00:00,0.894
2018-06-24 09:00:00,0.0
2018-06-24 10:00:00,1.898
2018-06-24 11:00:00,0.0
2018-06-24 12:00:00,0.0
2018-06-24 13:00:00,0.0
2018-06-24 14:00:00,0.0
2018-06-24 15:00:00,0.0
2018-06-24 16:00:00,1.007
2018-06-24 17:00:00,1.677
2018-06-24 18:00:00,0.0
2018-06-24 19:00:00,0.0
2018-06-24 20:00:00,0.0
2018-06-24 21:00:00,0.0
2018-06-24 22:00:00,0.0
2018-06-24 23:00:00,0.0
2018-06-25 00:00:00,0.0
2018-06-25 01:00:00,0.0
2018-06-25 02:00:00,0.0
2018-06-25 03:00:00,0.0
2018-06-25 04:00:00,2.456
2018-06-25 05:00:00,0.0
2018-06-25 06:00:00,1.34
2018-06-25 07:00:00,0.0
2018-06-25 08:00:00,0.0
2018-06-25 09:00:00,0.0
2018-06-25 10:00:00,0.0
2018-06-25 11:00:00,0.0
2018-06-25 12:00:00,0.0
2018-06-25 13:00:00,0.0
2018-06-25 14:00:00,0.0
2018-06-25 15:00:00,0.0
2018-06-25 16:00:00,0.0
2018-06-25 17:00:00,0.0
2018-06-25 18:00:00,0.0
2018-06-25 19:00:00,0.0
2018-06-25 20:00:00,0.0
2018-06-25 21:00:00,0.0
2018-06-25 22:00:00,0.0
2018-06-25 23:00:00,0.0
2018-06-26 00:00:00,0.0
2018-06-26 01:00:00,0.0
2018-06-26 02:00:00,0.0
2018-06-26 03:00:00,0.0
2018-06-26 04:00:00,0.0
2018-06-26 05:00:00,0.0
2018-06-26 06:00:00,0.0
2018-06-26 07:00:00,0.0
2018-06-26 08:00:00,0.0
2018-06-26 09:00:00,0.0
2018-06-26 10:00:00,0.0
2018-06-26 11:00:00,0.0
2018-06-26 12:00:00,0.0
2018-06-26 13:00:00,0.0
2018-06-26 14:00:00,0.0
2018-06-26 15:00:00,0.0
2018-06-26 16:00:00,0.0
2018-06-26 17:00:00,0.0
2018-06-26 18:00:00,5.694
2018-06-26 19:00:00,0.0
2018-06-26 20:00:00,6.479
2018-06-26 21:00:00,0.0
2018-06-26 22:00:00,0.0
2018-06-26 23:00:00,0.0
2018-06-27 00:00:00,0.0
2018-06-27 01:00:00,0.0
2018-06-27 02:00:00,0.0
2018-06-27 03:00:00,0.0
2018-06-27 04:00:00,2.907
2018-06-27 05:00:00,0.0
2018-06-27 06:00:00,0.67
2018-06-27 07:00:00,0.0
2018-06-27 08:00:00,0.0
2018-06-27 09:00:00,0.0
2018-06-27 10:00:00,0.0
2018-06-27 11:00:00,0.0
2018-06-27 12:00:00,0.0
2018-06-27 13:00:00,0.0
2018-06-27 14:00:00,0.0
2018-06-27 15:00:00,0.0
2018-06-27 16:00:00,0.0
2018-06-27 17:00:00,0.0
2018-06-27 18:00:00,0.0
2018-06-27 19:00:00,1.451
2018-06-27 20:00:00,0.0
2018-06-27 21:00:00,0.0
2018-06-27 22:00:00,0.0
2018-06-27 23:00:00,0.0
2018-06-28 00:00:00,0.0
2018-06-28 01:00:00,0.0
2018-06-28 02:00:00,0.0
2018-06-28 03:00:00,0.0
2018-06-28 04:00:00,2.792
2018-06-28 05:00:00,0.0
2018-06-28 06:00:00,0.0
2018-06-28 07:00:00,0.0
2018-06-28 08:00:00,0.0
2018-06-28 09:00:00,0.0
2018-06-28 10:00:00,0.0
2018-06-28 11:00:00,0.0
2018-06-28 12:00:00,0.0
2018-06-28 13:00:00,0.0
2018-06-28 14:00:00,0.0
2018-06-28 15:00:00,0.0
2018-06-28 16:00:00,0.0
2018-06-28 17:00:00,0.0
2018-06-28 18:00:00,0.0
2018-06-28 19:00:00,0.0
2018-06-28 20:00:00,0.0
2018-06-28 21:00:00,0.0
2018-06-28 22:00:00,0.0
2018-06-28 23:00:00,0.0
2018-06-29 00:00:00,0.0
2018-06-29 01:00:00,0.0
2018-06-29 02:00:00,0.0
2018-06-29 03:00:00,0.0
2018-06-29 04:00:00,3.238
2018-06-29 05:00:00,0.0
2018-06-29 06:00:00,0.0
2018-06-29 07:00:00,0.0
2018-06-29 08:00:00,0.0
2018-06-29 09:00:00,0.0
2018-06-29 10:00:00,0.0
2018-06-29 11:00:00,0.0
2018-06-29 12:00:00,0.0
2018-06-29 13:00:00,0.0
2018-06-29 14:00:00,0.0
2018-06-29 15:00:00,0.0
2018-06-29 16:00:00,0.0
2018-06-29 17:00:00,0.0
2018-06-29 18:00:00,1.675
2018-06-29 19:00:00,0.0
2018-06-29 20:00:00,0.0
2018-06-29 21:00:00,0.0
2018-06-29 22:00:00,0.0
2018-06-29 23:00:00,0.0
2018-06-30 00:00:00,0.0
2018-06-30 01:00:00,0.0
2018-06-30 02:00:00,0.0
2018-06-30 03:00:00,0.0
2018-06-30 04:00:00,0.0
2018-06-30 05:00:00,0.0
2018-06-30 06:00:00,0.0
2018-06-30 07:00:00,0.223
2018-06-30 08:00:00,4.357
2018-06-30 09:00:00,5.809
2018-06-30 10:00:00,0.67
2018-06-30 11:00:00,0.0
2018-06-30 12:00:00,0.0
2018-06-30 13:00:00,0.0
2018-06-30 14:00:00,0.0
2018-06-30 15:00:00,0.0
2018-06-30 16:00:00,0.112
2018-06-30 17:00:00,0.559
2018-06-30 18:00:00,0.112
2018-06-30 19:00:00,0.0
2018-06-30 20:00:00,4.362
